nohup: ignoring input
2026-02-24 19:36:12,680 [INFO] Using device: cuda:0
2026-02-24 19:36:12,680 [INFO] Starting Federated VQ-VAE-2 with FedMedSR strategy.
2026-02-24 19:36:12,680 [INFO] Running for 30 rounds with 4 clients.
2026-02-24 19:36:12,680 [INFO] Loading data for Client 0 (covid19_ct)...
Client 0: 13683 train, 1710 val, 1711 test images.
2026-02-24 19:36:12,725 [INFO] Assigning Client 0 to device cuda:0
/home/obed/miniconda3/lib/python3.13/site-packages/torchvision/models/_utils.py:208: UserWarning: The parameter 'pretrained' is deprecated since 0.13 and may be removed in the future, please use 'weights' instead.
  warnings.warn(
/home/obed/miniconda3/lib/python3.13/site-packages/torchvision/models/_utils.py:223: UserWarning: Arguments other than a weight enum or `None` for 'weights' are deprecated since 0.13 and may be removed in the future. The current behavior is equivalent to passing `weights=VGG16_Weights.IMAGENET1K_V1`. You can also use `weights=VGG16_Weights.DEFAULT` to get the most up-to-date weights.
  warnings.warn(msg)
Setting up [LPIPS] perceptual loss: trunk [vgg], v[0.1], spatial [off]
Loading model from: /home/obed/miniconda3/lib/python3.13/site-packages/lpips/weights/v0.1/vgg.pth
Setting up [LPIPS] perceptual loss: trunk [vgg], v[0.1], spatial [off]
Loading model from: /home/obed/miniconda3/lib/python3.13/site-packages/lpips/weights/v0.1/vgg.pth
2026-02-24 19:36:14,855 [INFO] Loading data for Client 1 (pancreas)...
Client 1: 15153 train, 1894 val, 1895 test images.
2026-02-24 19:36:14,909 [INFO] Assigning Client 1 to device cuda:0
Setting up [LPIPS] perceptual loss: trunk [vgg], v[0.1], spatial [off]
Loading model from: /home/obed/miniconda3/lib/python3.13/site-packages/lpips/weights/v0.1/vgg.pth
Setting up [LPIPS] perceptual loss: trunk [vgg], v[0.1], spatial [off]
Loading model from: /home/obed/miniconda3/lib/python3.13/site-packages/lpips/weights/v0.1/vgg.pth
2026-02-24 19:36:16,840 [INFO] Loading data for Client 2 (kidney)...
Client 2: 9956 train, 1244 val, 1246 test images.
2026-02-24 19:36:16,872 [INFO] Assigning Client 2 to device cuda:0
Setting up [LPIPS] perceptual loss: trunk [vgg], v[0.1], spatial [off]
Loading model from: /home/obed/miniconda3/lib/python3.13/site-packages/lpips/weights/v0.1/vgg.pth
Setting up [LPIPS] perceptual loss: trunk [vgg], v[0.1], spatial [off]
Loading model from: /home/obed/miniconda3/lib/python3.13/site-packages/lpips/weights/v0.1/vgg.pth
2026-02-24 19:36:18,797 [INFO] Loading data for Client 3 (Brain_Stroke_CT)...
Client 3: 13058 train, 1632 val, 1633 test images.
2026-02-24 19:36:18,865 [INFO] Assigning Client 3 to device cuda:0
Setting up [LPIPS] perceptual loss: trunk [vgg], v[0.1], spatial [off]
Loading model from: /home/obed/miniconda3/lib/python3.13/site-packages/lpips/weights/v0.1/vgg.pth
Setting up [LPIPS] perceptual loss: trunk [vgg], v[0.1], spatial [off]
Loading model from: /home/obed/miniconda3/lib/python3.13/site-packages/lpips/weights/v0.1/vgg.pth
2026-02-24 19:36:21,168 [INFO] ========== Starting Round 1/30 ==========
2026-02-24 19:36:21,169 [INFO] --- Training Client 0 ---
2026-02-24 19:42:07,937 [INFO] Client 0 > Epoch 1/5 | Total Loss: 1438.0523 | Components: Recon=0.0128, Perceptual=0.0580, Structural=0.0018, Edge=0.0565, VQ=0.6415
2026-02-24 19:47:53,269 [INFO] Client 0 > Epoch 2/5 | Total Loss: 0.0859 | Components: Recon=0.0155, Perceptual=0.0627, Structural=0.0029, Edge=0.0594, VQ=0.4146
2026-02-24 19:53:39,169 [INFO] Client 0 > Epoch 3/5 | Total Loss: 0.0651 | Components: Recon=0.0131, Perceptual=0.0599, Structural=0.0020, Edge=0.0526, VQ=0.2094
2026-02-24 19:59:25,786 [INFO] Client 0 > Epoch 4/5 | Total Loss: 0.0518 | Components: Recon=0.0111, Perceptual=0.0464, Structural=0.0014, Edge=0.0463, VQ=0.1330
2026-02-24 20:05:10,993 [INFO] Client 0 > Epoch 5/5 | Total Loss: 0.0488 | Components: Recon=0.0125, Perceptual=0.0622, Structural=0.0028, Edge=0.0472, VQ=0.1136
2026-02-24 20:05:11,007 [INFO] --- Training Client 1 ---
2026-02-24 20:11:33,620 [INFO] Client 1 > Epoch 1/5 | Total Loss: 2700.4175 | Components: Recon=0.0110, Perceptual=0.0701, Structural=0.0018, Edge=0.0451, VQ=0.3465
2026-02-24 20:17:57,395 [INFO] Client 1 > Epoch 2/5 | Total Loss: 0.0509 | Components: Recon=0.0094, Perceptual=0.0511, Structural=0.0012, Edge=0.0380, VQ=0.1343
2026-02-24 20:24:20,105 [INFO] Client 1 > Epoch 3/5 | Total Loss: 0.0363 | Components: Recon=0.0051, Perceptual=0.0270, Structural=0.0013, Edge=0.0195, VQ=0.0810
2026-02-24 20:30:43,088 [INFO] Client 1 > Epoch 4/5 | Total Loss: 0.0315 | Components: Recon=0.0088, Perceptual=0.0444, Structural=0.0014, Edge=0.0355, VQ=0.0213
2026-02-24 20:37:06,265 [INFO] Client 1 > Epoch 5/5 | Total Loss: 0.0296 | Components: Recon=0.0077, Perceptual=0.0423, Structural=0.0011, Edge=0.0305, VQ=0.0157
2026-02-24 20:37:06,285 [INFO] --- Training Client 2 ---
2026-02-24 20:41:18,065 [INFO] Client 2 > Epoch 1/5 | Total Loss: 0.1725 | Components: Recon=0.0197, Perceptual=0.0503, Structural=0.0026, Edge=0.0848, VQ=0.0876
2026-02-24 20:45:30,044 [INFO] Client 2 > Epoch 2/5 | Total Loss: 0.0695 | Components: Recon=0.0207, Perceptual=0.0467, Structural=0.0021, Edge=0.0909, VQ=0.1000
2026-02-24 20:49:41,680 [INFO] Client 2 > Epoch 3/5 | Total Loss: 0.0654 | Components: Recon=0.0200, Perceptual=0.0435, Structural=0.0019, Edge=0.0875, VQ=0.0796
2026-02-24 20:53:53,833 [INFO] Client 2 > Epoch 4/5 | Total Loss: 0.0632 | Components: Recon=0.0175, Perceptual=0.0398, Structural=0.0019, Edge=0.0734, VQ=0.0702
2026-02-24 20:58:05,686 [INFO] Client 2 > Epoch 5/5 | Total Loss: 0.0622 | Components: Recon=0.0188, Perceptual=0.0437, Structural=0.0021, Edge=0.0786, VQ=0.0672
2026-02-24 20:58:05,700 [INFO] --- Training Client 3 ---
2026-02-24 21:03:36,147 [INFO] Client 3 > Epoch 1/5 | Total Loss: 1175.1014 | Components: Recon=0.0179, Perceptual=0.0547, Structural=0.0000, Edge=0.0784, VQ=0.0617
2026-02-24 21:09:05,996 [INFO] Client 3 > Epoch 2/5 | Total Loss: 0.0490 | Components: Recon=0.0162, Perceptual=0.0455, Structural=0.0021, Edge=0.0725, VQ=0.0286
2026-02-24 21:14:36,729 [INFO] Client 3 > Epoch 3/5 | Total Loss: 0.0454 | Components: Recon=0.0125, Perceptual=0.0330, Structural=0.0019, Edge=0.0521, VQ=0.0219
2026-02-24 21:20:06,805 [INFO] Client 3 > Epoch 4/5 | Total Loss: 0.0439 | Components: Recon=0.0124, Perceptual=0.0302, Structural=0.0018, Edge=0.0536, VQ=0.0160
2026-02-24 21:25:36,382 [INFO] Client 3 > Epoch 5/5 | Total Loss: 0.0432 | Components: Recon=0.0148, Perceptual=0.0488, Structural=0.0025, Edge=0.0621, VQ=0.0147
2026-02-24 21:25:36,396 [INFO] --- Server Aggregating Client Updates ---
2026-02-24 21:25:36,396 [INFO] Using Distribution-Aware Aggregation (FedMSR)
2026-02-24 21:25:36,409 [INFO] Distribution-Aware Aggregation Weights:
2026-02-24 21:25:36,409 [INFO] Client 0: weight=0.0184
2026-02-24 21:25:36,409 [INFO] Client 1: weight=0.8815
2026-02-24 21:25:36,409 [INFO] Client 2: weight=-0.1347
2026-02-24 21:25:36,409 [INFO] Client 3: weight=0.2347
2026-02-24 21:25:36,437 [INFO] --- Validating Models Post-Aggregation ---
2026-02-24 21:25:55,104 [WARNING] Client 0: FID computed on only 1710 samples. Results may be statistically unreliable (need 2000+).
2026-02-24 21:26:05,547 [INFO] Client 0 Validation: PSNR=9.6613, SSIM=0.1615, LPIPS=0.5931, MSE=0.1105, FID=468.5234, Loss=16.0935
2026-02-24 21:26:25,701 [WARNING] Client 1: FID computed on only 1894 samples. Results may be statistically unreliable (need 2000+).
2026-02-24 21:26:28,186 [INFO] Client 1 Validation: PSNR=40.6948, SSIM=0.9186, LPIPS=0.0619, MSE=0.0001, FID=11.4076, Loss=15.2958
2026-02-24 21:26:41,733 [WARNING] Client 2: FID computed on only 1244 samples. Results may be statistically unreliable (need 2000+).
2026-02-24 21:26:50,767 [INFO] Client 2 Validation: PSNR=11.3691, SSIM=0.5257, LPIPS=0.4076, MSE=0.0742, FID=266.6845, Loss=16.6401
2026-02-24 21:27:08,524 [WARNING] Client 3: FID computed on only 1632 samples. Results may be statistically unreliable (need 2000+).
2026-02-24 21:27:11,090 [INFO] Client 3 Validation: PSNR=6.9831, SSIM=0.5139, LPIPS=0.3278, MSE=0.2118, FID=209.1591, Loss=16.8110
2026-02-24 21:27:11,090 [INFO] Global Average Validation: PSNR=17.1771, SSIM=0.5299, LPIPS=0.3476, MSE=0.099119, FID=238.9437, Loss=16.2101
2026-02-24 21:27:11,090 [INFO] New best validation PSNR: 17.1771 dB (SSIM=0.5299). Saving model state.
2026-02-24 21:27:11,183 [INFO] Saved best decoder for client 0
2026-02-24 21:27:11,245 [INFO] Saved best decoder for client 1
2026-02-24 21:27:11,306 [INFO] Saved best decoder for client 2
2026-02-24 21:27:11,364 [INFO] Saved best decoder for client 3
2026-02-24 21:27:11,375 [INFO] Client 0 Codebook Vitality | Top: active=1024, dead=0, entropy=4.695 | Bottom: active=1024, dead=0, entropy=2.371
2026-02-24 21:27:11,381 [INFO] Client 1 Codebook Vitality | Top: active=1024, dead=0, entropy=4.300 | Bottom: active=1024, dead=0, entropy=2.871
2026-02-24 21:27:11,382 [INFO] Client 2 Codebook Vitality | Top: active=1024, dead=0, entropy=3.842 | Bottom: active=1023, dead=1, entropy=1.279
2026-02-24 21:27:11,382 [INFO] Client 3 Codebook Vitality | Top: active=1024, dead=0, entropy=3.939 | Bottom: active=1024, dead=0, entropy=2.510
2026-02-24 21:27:11,472 [INFO] --- Evaluating Models Post-Aggregation ---
2026-02-24 21:27:11,980 [INFO] Client 0 Test Loss Components (1st batch): Recon=0.4406, Perceptual=0.5959, Structural=0.8946, VQ=251.3398
2026-02-24 21:27:29,880 [WARNING] Client 0: FID computed on only 1711 samples. Results may be statistically unreliable (need 2000+).
2026-02-24 21:27:37,741 [INFO] Client 0 Metrics: PSNR=9.6670, SSIM=0.1631, LPIPS=0.5934, MSE=0.109979, FID=469.3534, Loss=16.0927
2026-02-24 21:27:38,266 [INFO] Client 1 Test Loss Components (1st batch): Recon=0.0110, Perceptual=0.0577, Structural=0.0016, VQ=249.1076
2026-02-24 21:27:58,133 [WARNING] Client 1: FID computed on only 1895 samples. Results may be statistically unreliable (need 2000+).
2026-02-24 21:28:00,748 [INFO] Client 1 Metrics: PSNR=40.7251, SSIM=0.9201, LPIPS=0.0617, MSE=0.000085, FID=11.4191, Loss=15.2823
2026-02-24 21:28:01,271 [INFO] Client 2 Test Loss Components (1st batch): Recon=0.2661, Perceptual=0.4106, Structural=0.8496, VQ=264.4953
2026-02-24 21:28:14,344 [WARNING] Client 2: FID computed on only 1246 samples. Results may be statistically unreliable (need 2000+).
2026-02-24 21:28:22,154 [INFO] Client 2 Metrics: PSNR=11.3085, SSIM=0.5284, LPIPS=0.4052, MSE=0.075203, FID=267.5320, Loss=16.6302
2026-02-24 21:28:22,920 [INFO] Client 3 Test Loss Components (1st batch): Recon=0.8437, Perceptual=0.4010, Structural=0.7176, VQ=252.7995
2026-02-24 21:28:40,202 [WARNING] Client 3: FID computed on only 1633 samples. Results may be statistically unreliable (need 2000+).
2026-02-24 21:28:42,601 [INFO] Client 3 Metrics: PSNR=7.0342, SSIM=0.5117, LPIPS=0.3291, MSE=0.212377, FID=212.4096, Loss=16.8156
2026-02-24 21:28:42,602 [INFO] Global Average Metrics: PSNR=17.1837, SSIM=0.5308, LPIPS=0.3473, MSE=0.099411, FID=240.1786, Loss=16.2052
2026-02-24 21:28:43,019 [INFO] Metrics plot saved to: FedMedSR_results/FedMedSR/round_1/metrics_plot.png
2026-02-24 21:28:43,044 [INFO] ========== Starting Round 2/30 ==========
2026-02-24 21:28:43,045 [INFO] --- Training Client 0 ---
2026-02-24 21:34:29,977 [INFO] Client 0 > Epoch 1/5 | Total Loss: 0.1572 | Components: Recon=0.0112, Perceptual=0.0441, Structural=0.0019, Edge=0.0482, VQ=0.1791
2026-02-24 21:40:17,707 [INFO] Client 0 > Epoch 2/5 | Total Loss: 0.0468 | Components: Recon=0.0113, Perceptual=0.0477, Structural=0.0018, Edge=0.0491, VQ=0.3160
2026-02-24 21:46:05,287 [INFO] Client 0 > Epoch 3/5 | Total Loss: 0.0427 | Components: Recon=0.0105, Perceptual=0.0414, Structural=0.0017, Edge=0.0425, VQ=0.0161
2026-02-24 21:51:52,288 [INFO] Client 0 > Epoch 4/5 | Total Loss: 0.0411 | Components: Recon=0.0131, Perceptual=0.0647, Structural=0.0025, Edge=0.0530, VQ=0.0159
2026-02-24 21:57:38,912 [INFO] Client 0 > Epoch 5/5 | Total Loss: 0.0405 | Components: Recon=0.0092, Perceptual=0.0352, Structural=0.0011, Edge=0.0392, VQ=0.0151
2026-02-24 21:57:38,924 [INFO] --- Training Client 1 ---
2026-02-24 22:04:01,896 [INFO] Client 1 > Epoch 1/5 | Total Loss: 0.1080 | Components: Recon=0.0107, Perceptual=0.0544, Structural=0.0013, Edge=0.0333, VQ=11.2677
2026-02-24 22:10:25,315 [INFO] Client 1 > Epoch 2/5 | Total Loss: 0.0515 | Components: Recon=0.0082, Perceptual=0.0423, Structural=0.0017, Edge=0.0303, VQ=0.0145
2026-02-24 22:16:48,694 [INFO] Client 1 > Epoch 3/5 | Total Loss: 0.0279 | Components: Recon=0.0066, Perceptual=0.0326, Structural=0.0009, Edge=0.0253, VQ=0.0105
2026-02-24 22:24:27,085 [INFO] Client 1 > Epoch 4/5 | Total Loss: 0.0268 | Components: Recon=0.0077, Perceptual=0.0370, Structural=0.0014, Edge=0.0297, VQ=0.0119
2026-02-24 22:30:50,053 [INFO] Client 1 > Epoch 5/5 | Total Loss: 0.0264 | Components: Recon=0.0083, Perceptual=0.0421, Structural=0.0014, Edge=0.0320, VQ=0.0098
2026-02-24 22:30:50,061 [INFO] --- Training Client 2 ---
2026-02-24 22:35:01,879 [INFO] Client 2 > Epoch 1/5 | Total Loss: 0.2122 | Components: Recon=0.0196, Perceptual=0.0511, Structural=0.0024, Edge=0.0850, VQ=0.0532
2026-02-24 22:39:13,488 [INFO] Client 2 > Epoch 2/5 | Total Loss: 0.0702 | Components: Recon=0.0162, Perceptual=0.0396, Structural=0.0017, Edge=0.0687, VQ=0.0349
2026-02-24 22:43:25,272 [INFO] Client 2 > Epoch 3/5 | Total Loss: 0.0628 | Components: Recon=0.0172, Perceptual=0.0415, Structural=0.0018, Edge=0.0731, VQ=0.0260
2026-02-24 22:48:50,400 [INFO] Client 2 > Epoch 4/5 | Total Loss: 0.0602 | Components: Recon=0.0142, Perceptual=0.0325, Structural=0.0015, Edge=0.0581, VQ=0.0185
2026-02-24 22:53:04,406 [INFO] Client 2 > Epoch 5/5 | Total Loss: 0.0593 | Components: Recon=0.0178, Perceptual=0.0410, Structural=0.0019, Edge=0.0745, VQ=0.0211
2026-02-24 22:53:04,433 [INFO] --- Training Client 3 ---
2026-02-24 22:58:34,817 [INFO] Client 3 > Epoch 1/5 | Total Loss: 0.3660 | Components: Recon=0.0102, Perceptual=0.0268, Structural=0.0015, Edge=0.0435, VQ=0.0204
2026-02-24 23:04:04,986 [INFO] Client 3 > Epoch 2/5 | Total Loss: 0.0456 | Components: Recon=0.0159, Perceptual=0.0601, Structural=0.0027, Edge=0.0655, VQ=0.0201
2026-02-24 23:09:35,113 [INFO] Client 3 > Epoch 3/5 | Total Loss: 0.0432 | Components: Recon=0.0135, Perceptual=0.0383, Structural=0.0021, Edge=0.0565, VQ=0.0123
2026-02-24 23:15:05,012 [INFO] Client 3 > Epoch 4/5 | Total Loss: 0.0411 | Components: Recon=0.0089, Perceptual=0.0254, Structural=0.0013, Edge=0.0346, VQ=0.0089
2026-02-24 23:20:34,892 [INFO] Client 3 > Epoch 5/5 | Total Loss: 0.0407 | Components: Recon=0.0100, Perceptual=0.0271, Structural=0.0017, Edge=0.0401, VQ=0.0053
2026-02-24 23:20:34,905 [INFO] --- Server Aggregating Client Updates ---
2026-02-24 23:20:34,906 [INFO] Using Distribution-Aware Aggregation (FedMSR)
2026-02-24 23:20:34,909 [INFO] Distribution-Aware Aggregation Weights:
2026-02-24 23:20:34,909 [INFO] Client 0: weight=0.2568
2026-02-24 23:20:34,909 [INFO] Client 1: weight=0.2712
2026-02-24 23:20:34,909 [INFO] Client 2: weight=0.2209
2026-02-24 23:20:34,909 [INFO] Client 3: weight=0.2510
2026-02-24 23:20:34,932 [INFO] --- Validating Models Post-Aggregation ---
2026-02-24 23:20:53,443 [WARNING] Client 0: FID computed on only 1710 samples. Results may be statistically unreliable (need 2000+).
2026-02-24 23:20:56,704 [INFO] Client 0 Validation: PSNR=37.0472, SSIM=0.9487, LPIPS=0.0900, MSE=0.0002, FID=16.4228, Loss=0.3447
2026-02-24 23:21:16,972 [WARNING] Client 1: FID computed on only 1894 samples. Results may be statistically unreliable (need 2000+).
2026-02-24 23:21:21,647 [INFO] Client 1 Validation: PSNR=40.7026, SSIM=0.9344, LPIPS=0.0702, MSE=0.0001, FID=12.7175, Loss=0.3230
2026-02-24 23:21:35,313 [WARNING] Client 2: FID computed on only 1244 samples. Results may be statistically unreliable (need 2000+).
2026-02-24 23:21:50,413 [INFO] Client 2 Validation: PSNR=31.5958, SSIM=0.9584, LPIPS=0.0550, MSE=0.0007, FID=19.0922, Loss=0.3646
2026-02-24 23:22:08,165 [WARNING] Client 3: FID computed on only 1632 samples. Results may be statistically unreliable (need 2000+).
2026-02-24 23:22:13,863 [INFO] Client 3 Validation: PSNR=35.2282, SSIM=0.9649, LPIPS=0.0446, MSE=0.0003, FID=12.5024, Loss=0.3627
2026-02-24 23:22:13,863 [INFO] Global Average Validation: PSNR=36.1435, SSIM=0.9516, LPIPS=0.0649, MSE=0.000324, FID=15.1837, Loss=0.3488
2026-02-24 23:22:13,863 [INFO] New best validation PSNR: 36.1435 dB (SSIM=0.9516). Saving model state.
2026-02-24 23:22:14,024 [INFO] Saved best decoder for client 0
2026-02-24 23:22:14,129 [INFO] Saved best decoder for client 1
2026-02-24 23:22:14,227 [INFO] Saved best decoder for client 2
2026-02-24 23:22:14,324 [INFO] Saved best decoder for client 3
2026-02-24 23:22:14,326 [INFO] Client 0 Codebook Vitality | Top: active=1024, dead=0, entropy=4.825 | Bottom: active=1024, dead=0, entropy=1.702
2026-02-24 23:22:14,326 [INFO] Client 1 Codebook Vitality | Top: active=1023, dead=1, entropy=4.269 | Bottom: active=1023, dead=1, entropy=1.250
2026-02-24 23:22:14,326 [INFO] Client 2 Codebook Vitality | Top: active=1024, dead=0, entropy=4.813 | Bottom: active=1024, dead=0, entropy=2.691
2026-02-24 23:22:14,326 [INFO] Client 3 Codebook Vitality | Top: active=1024, dead=0, entropy=3.848 | Bottom: active=1024, dead=0, entropy=1.814
2026-02-24 23:22:14,403 [INFO] --- Evaluating Models Post-Aggregation ---
2026-02-24 23:22:14,940 [INFO] Client 0 Test Loss Components (1st batch): Recon=0.0143, Perceptual=0.0853, Structural=0.0021, VQ=5.0918
2026-02-24 23:22:32,894 [WARNING] Client 0: FID computed on only 1711 samples. Results may be statistically unreliable (need 2000+).
2026-02-24 23:22:35,507 [INFO] Client 0 Metrics: PSNR=37.1034, SSIM=0.9481, LPIPS=0.0895, MSE=0.000206, FID=16.4385, Loss=0.3424
2026-02-24 23:22:36,046 [INFO] Client 1 Test Loss Components (1st batch): Recon=0.0107, Perceptual=0.0696, Structural=0.0017, VQ=4.8991
2026-02-24 23:22:56,552 [WARNING] Client 1: FID computed on only 1895 samples. Results may be statistically unreliable (need 2000+).
2026-02-24 23:23:13,016 [INFO] Client 1 Metrics: PSNR=40.7289, SSIM=0.9355, LPIPS=0.0699, MSE=0.000085, FID=12.9711, Loss=0.3226
2026-02-24 23:23:13,634 [INFO] Client 2 Test Loss Components (1st batch): Recon=0.0229, Perceptual=0.0580, Structural=0.0028, VQ=5.1993
2026-02-24 23:23:28,435 [WARNING] Client 2: FID computed on only 1246 samples. Results may be statistically unreliable (need 2000+).
2026-02-24 23:23:46,176 [INFO] Client 2 Metrics: PSNR=31.6019, SSIM=0.9586, LPIPS=0.0547, MSE=0.000694, FID=19.3355, Loss=0.3645
2026-02-24 23:23:47,030 [INFO] Client 3 Test Loss Components (1st batch): Recon=0.0157, Perceptual=0.0551, Structural=0.0021, VQ=5.8151
2026-02-24 23:24:04,225 [WARNING] Client 3: FID computed on only 1633 samples. Results may be statistically unreliable (need 2000+).
2026-02-24 23:24:10,836 [INFO] Client 3 Metrics: PSNR=35.3015, SSIM=0.9654, LPIPS=0.0445, MSE=0.000302, FID=12.5744, Loss=0.3621
2026-02-24 23:24:10,837 [INFO] Global Average Metrics: PSNR=36.1839, SSIM=0.9519, LPIPS=0.0647, MSE=0.000322, FID=15.3299, Loss=0.3479
2026-02-24 23:24:11,255 [INFO] Metrics plot saved to: FedMedSR_results/FedMedSR/round_2/metrics_plot.png
2026-02-24 23:24:11,278 [INFO] ========== Starting Round 3/30 ==========
2026-02-24 23:24:11,278 [INFO] --- Training Client 0 ---
2026-02-24 23:29:56,785 [INFO] Client 0 > Epoch 1/5 | Total Loss: 0.0646 | Components: Recon=0.0127, Perceptual=0.0588, Structural=0.0022, Edge=0.0493, VQ=0.0125
2026-02-24 23:35:42,813 [INFO] Client 0 > Epoch 2/5 | Total Loss: 0.0411 | Components: Recon=0.0108, Perceptual=0.0459, Structural=0.0013, Edge=0.0433, VQ=0.0117
2026-02-24 23:41:28,231 [INFO] Client 0 > Epoch 3/5 | Total Loss: 0.0398 | Components: Recon=0.0096, Perceptual=0.0438, Structural=0.0014, Edge=0.0381, VQ=0.0103
2026-02-24 23:47:14,239 [INFO] Client 0 > Epoch 4/5 | Total Loss: 0.0389 | Components: Recon=0.0115, Perceptual=0.0514, Structural=0.0026, Edge=0.0440, VQ=0.0165
2026-02-24 23:52:59,977 [INFO] Client 0 > Epoch 5/5 | Total Loss: 0.0385 | Components: Recon=0.0165, Perceptual=0.0732, Structural=0.0036, Edge=0.0655, VQ=0.0185
2026-02-24 23:52:59,988 [INFO] --- Training Client 1 ---
2026-02-24 23:59:23,702 [INFO] Client 1 > Epoch 1/5 | Total Loss: 0.0377 | Components: Recon=0.0088, Perceptual=0.0399, Structural=0.0012, Edge=0.0312, VQ=0.0059
2026-02-25 00:05:47,093 [INFO] Client 1 > Epoch 2/5 | Total Loss: 0.0273 | Components: Recon=0.0074, Perceptual=0.0348, Structural=0.0014, Edge=0.0282, VQ=1.5459
2026-02-25 00:12:10,383 [INFO] Client 1 > Epoch 3/5 | Total Loss: 0.0258 | Components: Recon=0.0080, Perceptual=0.0347, Structural=0.0010, Edge=0.0305, VQ=0.0042
2026-02-25 00:18:33,642 [INFO] Client 1 > Epoch 4/5 | Total Loss: 0.0251 | Components: Recon=0.0060, Perceptual=0.0259, Structural=0.0009, Edge=0.0217, VQ=0.0028
2026-02-25 00:24:56,665 [INFO] Client 1 > Epoch 5/5 | Total Loss: 0.0248 | Components: Recon=0.0067, Perceptual=0.0338, Structural=0.0011, Edge=0.0246, VQ=0.0035
2026-02-25 00:24:56,679 [INFO] --- Training Client 2 ---
2026-02-25 00:29:08,689 [INFO] Client 2 > Epoch 1/5 | Total Loss: 0.0735 | Components: Recon=0.0162, Perceptual=0.0385, Structural=0.0019, Edge=0.0658, VQ=0.0292
2026-02-25 00:33:20,667 [INFO] Client 2 > Epoch 2/5 | Total Loss: 0.0630 | Components: Recon=0.0153, Perceptual=0.0362, Structural=0.0017, Edge=0.0612, VQ=0.0153
2026-02-25 00:37:32,741 [INFO] Client 2 > Epoch 3/5 | Total Loss: 0.0578 | Components: Recon=0.0161, Perceptual=0.0361, Structural=0.0017, Edge=0.0669, VQ=0.0164
2026-02-25 00:41:44,491 [INFO] Client 2 > Epoch 4/5 | Total Loss: 0.0567 | Components: Recon=0.0166, Perceptual=0.0398, Structural=0.0019, Edge=0.0671, VQ=0.0156
2026-02-25 00:45:56,206 [INFO] Client 2 > Epoch 5/5 | Total Loss: 0.0562 | Components: Recon=0.0156, Perceptual=0.0362, Structural=0.0018, Edge=0.0638, VQ=0.0142
2026-02-25 00:45:56,215 [INFO] --- Training Client 3 ---
2026-02-25 00:51:26,324 [INFO] Client 3 > Epoch 1/5 | Total Loss: 0.0625 | Components: Recon=0.0124, Perceptual=0.0330, Structural=0.0021, Edge=0.0486, VQ=0.0118
2026-02-25 00:56:56,305 [INFO] Client 3 > Epoch 2/5 | Total Loss: 0.0421 | Components: Recon=0.0130, Perceptual=0.0339, Structural=0.0021, Edge=0.0529, VQ=0.0153
2026-02-25 01:02:26,024 [INFO] Client 3 > Epoch 3/5 | Total Loss: 0.0427 | Components: Recon=0.0132, Perceptual=0.0339, Structural=0.0019, Edge=0.0553, VQ=0.0117
2026-02-25 01:07:56,179 [INFO] Client 3 > Epoch 4/5 | Total Loss: 0.0396 | Components: Recon=0.0118, Perceptual=0.0311, Structural=0.0019, Edge=0.0473, VQ=0.0071
2026-02-25 01:13:26,298 [INFO] Client 3 > Epoch 5/5 | Total Loss: 0.0392 | Components: Recon=0.0109, Perceptual=0.0307, Structural=0.0019, Edge=0.0431, VQ=0.0048
2026-02-25 01:13:26,307 [INFO] --- Server Aggregating Client Updates ---
2026-02-25 01:13:26,307 [INFO] Using Distribution-Aware Aggregation (FedMSR)
2026-02-25 01:13:26,310 [INFO] Distribution-Aware Aggregation Weights:
2026-02-25 01:13:26,310 [INFO] Client 0: weight=0.2569
2026-02-25 01:13:26,310 [INFO] Client 1: weight=0.2711
2026-02-25 01:13:26,310 [INFO] Client 2: weight=0.2210
2026-02-25 01:13:26,310 [INFO] Client 3: weight=0.2509
2026-02-25 01:13:26,328 [INFO] --- Validating Models Post-Aggregation ---
2026-02-25 01:13:44,660 [WARNING] Client 0: FID computed on only 1710 samples. Results may be statistically unreliable (need 2000+).
2026-02-25 01:13:47,149 [INFO] Client 0 Validation: PSNR=37.3283, SSIM=0.9606, LPIPS=0.0698, MSE=0.0002, FID=11.3729, Loss=0.1585
2026-02-25 01:14:07,670 [WARNING] Client 1: FID computed on only 1894 samples. Results may be statistically unreliable (need 2000+).
2026-02-25 01:14:14,320 [INFO] Client 1 Validation: PSNR=41.6945, SSIM=0.9555, LPIPS=0.0589, MSE=0.0001, FID=9.8474, Loss=0.1400
2026-02-25 01:14:27,861 [WARNING] Client 2: FID computed on only 1244 samples. Results may be statistically unreliable (need 2000+).
2026-02-25 01:14:45,277 [INFO] Client 2 Validation: PSNR=32.1824, SSIM=0.9614, LPIPS=0.0501, MSE=0.0006, FID=17.5260, Loss=0.1487
2026-02-25 01:15:02,943 [WARNING] Client 3: FID computed on only 1632 samples. Results may be statistically unreliable (need 2000+).
2026-02-25 01:15:07,149 [INFO] Client 3 Validation: PSNR=35.6883, SSIM=0.9674, LPIPS=0.0390, MSE=0.0003, FID=9.9081, Loss=0.1232
2026-02-25 01:15:07,149 [INFO] Global Average Validation: PSNR=36.7234, SSIM=0.9612, LPIPS=0.0545, MSE=0.000287, FID=12.1636, Loss=0.1426
2026-02-25 01:15:07,149 [INFO] New best validation PSNR: 36.7234 dB (SSIM=0.9612). Saving model state.
2026-02-25 01:15:07,303 [INFO] Saved best decoder for client 0
2026-02-25 01:15:07,406 [INFO] Saved best decoder for client 1
2026-02-25 01:15:07,508 [INFO] Saved best decoder for client 2
2026-02-25 01:15:07,609 [INFO] Saved best decoder for client 3
2026-02-25 01:15:07,624 [INFO] Client 0 Codebook Vitality | Top: active=1023, dead=1, entropy=4.844 | Bottom: active=1017, dead=7, entropy=1.148
2026-02-25 01:15:07,640 [INFO] Client 1 Codebook Vitality | Top: active=1024, dead=0, entropy=5.011 | Bottom: active=1024, dead=0, entropy=2.592
2026-02-25 01:15:07,648 [INFO] Client 2 Codebook Vitality | Top: active=1024, dead=0, entropy=5.160 | Bottom: active=1024, dead=0, entropy=3.201
2026-02-25 01:15:07,648 [INFO] Client 3 Codebook Vitality | Top: active=1024, dead=0, entropy=4.545 | Bottom: active=1024, dead=0, entropy=3.167
2026-02-25 01:15:07,731 [INFO] --- Evaluating Models Post-Aggregation ---
2026-02-25 01:15:08,249 [INFO] Client 0 Test Loss Components (1st batch): Recon=0.0136, Perceptual=0.0644, Structural=0.0020, VQ=2.0517
2026-02-25 01:15:26,203 [WARNING] Client 0: FID computed on only 1711 samples. Results may be statistically unreliable (need 2000+).
2026-02-25 01:15:31,051 [INFO] Client 0 Metrics: PSNR=37.3934, SSIM=0.9604, LPIPS=0.0695, MSE=0.000193, FID=11.5168, Loss=0.1580
2026-02-25 01:15:31,592 [INFO] Client 1 Test Loss Components (1st batch): Recon=0.0094, Perceptual=0.0576, Structural=0.0016, VQ=1.9089
2026-02-25 01:15:51,506 [WARNING] Client 1: FID computed on only 1895 samples. Results may be statistically unreliable (need 2000+).
2026-02-25 01:15:58,271 [INFO] Client 1 Metrics: PSNR=41.7088, SSIM=0.9560, LPIPS=0.0588, MSE=0.000068, FID=9.8613, Loss=0.1400
2026-02-25 01:15:58,807 [INFO] Client 2 Test Loss Components (1st batch): Recon=0.0217, Perceptual=0.0524, Structural=0.0026, VQ=1.6899
2026-02-25 01:16:12,134 [WARNING] Client 2: FID computed on only 1246 samples. Results may be statistically unreliable (need 2000+).
2026-02-25 01:16:31,083 [INFO] Client 2 Metrics: PSNR=32.1913, SSIM=0.9616, LPIPS=0.0499, MSE=0.000606, FID=17.7777, Loss=0.1485
2026-02-25 01:16:31,859 [INFO] Client 3 Test Loss Components (1st batch): Recon=0.0150, Perceptual=0.0517, Structural=0.0000, VQ=1.5149
2026-02-25 01:16:49,205 [WARNING] Client 3: FID computed on only 1633 samples. Results may be statistically unreliable (need 2000+).
2026-02-25 01:16:55,390 [INFO] Client 3 Metrics: PSNR=35.7824, SSIM=0.9681, LPIPS=0.0386, MSE=0.000270, FID=9.6410, Loss=0.1229
2026-02-25 01:16:55,391 [INFO] Global Average Metrics: PSNR=36.7690, SSIM=0.9615, LPIPS=0.0542, MSE=0.000284, FID=12.1992, Loss=0.1424
2026-02-25 01:16:55,838 [INFO] Metrics plot saved to: FedMedSR_results/FedMedSR/round_3/metrics_plot.png
2026-02-25 01:16:55,859 [INFO] ========== Starting Round 4/30 ==========
2026-02-25 01:16:55,860 [INFO] --- Training Client 0 ---
2026-02-25 01:22:41,485 [INFO] Client 0 > Epoch 1/5 | Total Loss: 0.0574 | Components: Recon=0.0116, Perceptual=0.0579, Structural=0.0021, Edge=0.0431, VQ=0.0136
2026-02-25 01:28:28,113 [INFO] Client 0 > Epoch 2/5 | Total Loss: 0.0490 | Components: Recon=0.0150, Perceptual=0.0611, Structural=0.0020, Edge=0.0584, VQ=0.0194
2026-02-25 01:34:13,458 [INFO] Client 0 > Epoch 3/5 | Total Loss: 0.0385 | Components: Recon=0.0076, Perceptual=0.0305, Structural=0.0012, Edge=0.0308, VQ=0.0126
2026-02-25 01:39:58,881 [INFO] Client 0 > Epoch 4/5 | Total Loss: 0.0378 | Components: Recon=0.0106, Perceptual=0.0438, Structural=0.0014, Edge=0.0418, VQ=0.0127
2026-02-25 01:45:44,410 [INFO] Client 0 > Epoch 5/5 | Total Loss: 0.0376 | Components: Recon=0.0103, Perceptual=0.0442, Structural=0.0014, Edge=0.0414, VQ=0.0156
2026-02-25 01:45:44,421 [INFO] --- Training Client 1 ---
2026-02-25 01:52:07,093 [INFO] Client 1 > Epoch 1/5 | Total Loss: 0.0603 | Components: Recon=0.0088, Perceptual=0.0397, Structural=0.0012, Edge=0.0269, VQ=0.0063
2026-02-25 01:58:29,789 [INFO] Client 1 > Epoch 2/5 | Total Loss: 0.0343 | Components: Recon=0.0064, Perceptual=0.0306, Structural=0.0011, Edge=0.0229, VQ=0.0038
2026-02-25 02:04:52,605 [INFO] Client 1 > Epoch 3/5 | Total Loss: 0.0250 | Components: Recon=0.0072, Perceptual=0.0366, Structural=0.0012, Edge=0.0273, VQ=0.0040
2026-02-25 02:11:15,178 [INFO] Client 1 > Epoch 4/5 | Total Loss: 0.0242 | Components: Recon=0.0069, Perceptual=0.0356, Structural=0.0013, Edge=0.0263, VQ=0.0040
2026-02-25 02:17:37,993 [INFO] Client 1 > Epoch 5/5 | Total Loss: 0.0240 | Components: Recon=0.0062, Perceptual=0.0281, Structural=0.0008, Edge=0.0229, VQ=0.0035
2026-02-25 02:17:38,009 [INFO] --- Training Client 2 ---
2026-02-25 02:21:49,867 [INFO] Client 2 > Epoch 1/5 | Total Loss: 0.0891 | Components: Recon=0.0166, Perceptual=0.0419, Structural=0.0021, Edge=0.0677, VQ=0.0194
2026-02-25 02:26:01,569 [INFO] Client 2 > Epoch 2/5 | Total Loss: 0.0599 | Components: Recon=0.0126, Perceptual=0.0292, Structural=0.0014, Edge=0.0510, VQ=0.0120
2026-02-25 02:30:13,090 [INFO] Client 2 > Epoch 3/5 | Total Loss: 0.0569 | Components: Recon=0.0174, Perceptual=0.0396, Structural=0.0020, Edge=0.0700, VQ=0.0176
2026-02-25 02:34:24,758 [INFO] Client 2 > Epoch 4/5 | Total Loss: 0.0550 | Components: Recon=0.0149, Perceptual=0.0334, Structural=0.0016, Edge=0.0604, VQ=0.0163
2026-02-25 02:38:36,478 [INFO] Client 2 > Epoch 5/5 | Total Loss: 0.0546 | Components: Recon=0.0142, Perceptual=0.0362, Structural=0.0019, Edge=0.0549, VQ=0.0133
2026-02-25 02:38:36,488 [INFO] --- Training Client 3 ---
2026-02-25 02:44:06,844 [INFO] Client 3 > Epoch 1/5 | Total Loss: 0.0878 | Components: Recon=0.0120, Perceptual=0.0267, Structural=0.0015, Edge=0.0504, VQ=0.0119
2026-02-25 02:49:37,383 [INFO] Client 3 > Epoch 2/5 | Total Loss: 0.0480 | Components: Recon=0.0118, Perceptual=0.0332, Structural=0.0019, Edge=0.0483, VQ=0.0066
2026-02-25 02:55:07,452 [INFO] Client 3 > Epoch 3/5 | Total Loss: 0.0397 | Components: Recon=0.0111, Perceptual=0.0336, Structural=0.0019, Edge=0.0442, VQ=0.0054
2026-02-25 03:00:39,639 [INFO] Client 3 > Epoch 4/5 | Total Loss: 0.0386 | Components: Recon=0.0113, Perceptual=0.0258, Structural=0.0014, Edge=0.0458, VQ=0.0133
2026-02-25 03:06:10,780 [INFO] Client 3 > Epoch 5/5 | Total Loss: 0.0383 | Components: Recon=0.0105, Perceptual=0.0228, Structural=0.0013, Edge=0.0429, VQ=0.0049
2026-02-25 03:06:10,791 [INFO] --- Server Aggregating Client Updates ---
2026-02-25 03:06:10,791 [INFO] Using Distribution-Aware Aggregation (FedMSR)
2026-02-25 03:06:10,889 [INFO] Distribution-Aware Aggregation Weights:
2026-02-25 03:06:10,890 [INFO] Client 0: weight=0.2569
2026-02-25 03:06:10,890 [INFO] Client 1: weight=0.2711
2026-02-25 03:06:10,890 [INFO] Client 2: weight=0.2210
2026-02-25 03:06:10,890 [INFO] Client 3: weight=0.2509
2026-02-25 03:06:15,684 [INFO] --- Validating Models Post-Aggregation ---
2026-02-25 03:06:34,652 [WARNING] Client 0: FID computed on only 1710 samples. Results may be statistically unreliable (need 2000+).
2026-02-25 03:07:04,200 [INFO] Client 0 Validation: PSNR=37.6003, SSIM=0.9640, LPIPS=0.0690, MSE=0.0002, FID=10.4611, Loss=0.0385
2026-02-25 03:07:24,857 [WARNING] Client 1: FID computed on only 1894 samples. Results may be statistically unreliable (need 2000+).
2026-02-25 03:07:28,720 [INFO] Client 1 Validation: PSNR=42.1749, SSIM=0.9690, LPIPS=0.0579, MSE=0.0001, FID=7.9546, Loss=0.0258
2026-02-25 03:07:42,566 [WARNING] Client 2: FID computed on only 1244 samples. Results may be statistically unreliable (need 2000+).
2026-02-25 03:07:52,877 [INFO] Client 2 Validation: PSNR=32.2973, SSIM=0.9616, LPIPS=0.0481, MSE=0.0006, FID=16.5306, Loss=0.0501
2026-02-25 03:08:10,674 [WARNING] Client 3: FID computed on only 1632 samples. Results may be statistically unreliable (need 2000+).
2026-02-25 03:08:13,217 [INFO] Client 3 Validation: PSNR=36.0107, SSIM=0.9685, LPIPS=0.0372, MSE=0.0003, FID=9.4857, Loss=0.0329
2026-02-25 03:08:13,217 [INFO] Global Average Validation: PSNR=37.0208, SSIM=0.9658, LPIPS=0.0530, MSE=0.000274, FID=11.1080, Loss=0.0368
2026-02-25 03:08:13,217 [INFO] New best validation PSNR: 37.0208 dB (SSIM=0.9658). Saving model state.
2026-02-25 03:08:13,377 [INFO] Saved best decoder for client 0
2026-02-25 03:08:13,477 [INFO] Saved best decoder for client 1
2026-02-25 03:08:13,582 [INFO] Saved best decoder for client 2
2026-02-25 03:08:13,678 [INFO] Saved best decoder for client 3
2026-02-25 03:08:13,683 [INFO] Client 0 Codebook Vitality | Top: active=1024, dead=0, entropy=5.545 | Bottom: active=1024, dead=0, entropy=5.781
2026-02-25 03:08:13,683 [INFO] Client 1 Codebook Vitality | Top: active=1007, dead=17, entropy=4.046 | Bottom: active=1006, dead=18, entropy=4.666
2026-02-25 03:08:13,684 [INFO] Client 2 Codebook Vitality | Top: active=1023, dead=1, entropy=4.257 | Bottom: active=1024, dead=0, entropy=4.671
2026-02-25 03:08:13,684 [INFO] Client 3 Codebook Vitality | Top: active=1023, dead=1, entropy=4.226 | Bottom: active=1024, dead=0, entropy=5.051
2026-02-25 03:08:13,777 [INFO] --- Evaluating Models Post-Aggregation ---
2026-02-25 03:08:14,327 [INFO] Client 0 Test Loss Components (1st batch): Recon=0.0132, Perceptual=0.0634, Structural=0.0020, VQ=0.0220
2026-02-25 03:08:32,309 [WARNING] Client 0: FID computed on only 1711 samples. Results may be statistically unreliable (need 2000+).
2026-02-25 03:08:34,707 [INFO] Client 0 Metrics: PSNR=37.6675, SSIM=0.9640, LPIPS=0.0687, MSE=0.000182, FID=10.6277, Loss=0.0380
2026-02-25 03:08:35,301 [INFO] Client 1 Test Loss Components (1st batch): Recon=0.0089, Perceptual=0.0577, Structural=0.0016, VQ=0.0246
2026-02-25 03:08:55,063 [WARNING] Client 1: FID computed on only 1895 samples. Results may be statistically unreliable (need 2000+).
2026-02-25 03:08:57,330 [INFO] Client 1 Metrics: PSNR=42.1826, SSIM=0.9689, LPIPS=0.0579, MSE=0.000061, FID=8.1777, Loss=0.0258
2026-02-25 03:08:57,865 [INFO] Client 2 Test Loss Components (1st batch): Recon=0.0214, Perceptual=0.0505, Structural=0.0026, VQ=0.0345
2026-02-25 03:09:11,010 [WARNING] Client 2: FID computed on only 1246 samples. Results may be statistically unreliable (need 2000+).
2026-02-25 03:09:20,952 [INFO] Client 2 Metrics: PSNR=32.2952, SSIM=0.9617, LPIPS=0.0481, MSE=0.000592, FID=16.7903, Loss=0.0501
2026-02-25 03:09:21,705 [INFO] Client 3 Test Loss Components (1st batch): Recon=0.0145, Perceptual=0.0483, Structural=0.0024, VQ=0.0591
2026-02-25 03:09:38,873 [WARNING] Client 3: FID computed on only 1633 samples. Results may be statistically unreliable (need 2000+).
2026-02-25 03:09:41,415 [INFO] Client 3 Metrics: PSNR=36.1015, SSIM=0.9692, LPIPS=0.0368, MSE=0.000251, FID=9.2312, Loss=0.0325
2026-02-25 03:09:41,415 [INFO] Global Average Metrics: PSNR=37.0617, SSIM=0.9659, LPIPS=0.0529, MSE=0.000271, FID=11.2067, Loss=0.0366
2026-02-25 03:09:41,866 [INFO] Metrics plot saved to: FedMedSR_results/FedMedSR/round_4/metrics_plot.png
2026-02-25 03:09:41,888 [INFO] ========== Starting Round 5/30 ==========
2026-02-25 03:09:41,889 [INFO] --- Training Client 0 ---
2026-02-25 03:15:27,665 [INFO] Client 0 > Epoch 1/5 | Total Loss: 0.0689 | Components: Recon=0.0108, Perceptual=0.0415, Structural=0.0018, Edge=0.0417, VQ=0.0185
2026-02-25 03:21:13,564 [INFO] Client 0 > Epoch 2/5 | Total Loss: 0.0389 | Components: Recon=0.0073, Perceptual=0.0291, Structural=0.0011, Edge=0.0304, VQ=0.0144
2026-02-25 03:27:00,071 [INFO] Client 0 > Epoch 3/5 | Total Loss: 0.0378 | Components: Recon=0.0094, Perceptual=0.0421, Structural=0.0011, Edge=0.0379, VQ=0.0132
2026-02-25 03:32:46,208 [INFO] Client 0 > Epoch 4/5 | Total Loss: 0.0372 | Components: Recon=0.0100, Perceptual=0.0401, Structural=0.0014, Edge=0.0400, VQ=0.0131
2026-02-25 03:38:31,352 [INFO] Client 0 > Epoch 5/5 | Total Loss: 0.0369 | Components: Recon=0.0090, Perceptual=0.0379, Structural=0.0011, Edge=0.0353, VQ=0.0129
2026-02-25 03:38:31,363 [INFO] --- Training Client 1 ---
2026-02-25 03:44:54,117 [INFO] Client 1 > Epoch 1/5 | Total Loss: 0.0597 | Components: Recon=0.0075, Perceptual=0.0347, Structural=0.0010, Edge=0.0280, VQ=0.0910
2026-02-25 03:51:17,206 [INFO] Client 1 > Epoch 2/5 | Total Loss: 0.0294 | Components: Recon=0.0075, Perceptual=0.0340, Structural=0.0013, Edge=0.0288, VQ=0.0662
2026-02-25 03:57:41,087 [INFO] Client 1 > Epoch 3/5 | Total Loss: 0.0267 | Components: Recon=0.0054, Perceptual=0.0272, Structural=0.0011, Edge=0.0197, VQ=0.0314
2026-02-25 04:04:04,448 [INFO] Client 1 > Epoch 4/5 | Total Loss: 0.0254 | Components: Recon=0.0065, Perceptual=0.0270, Structural=0.0011, Edge=0.0239, VQ=0.0308
2026-02-25 04:10:27,346 [INFO] Client 1 > Epoch 5/5 | Total Loss: 0.0250 | Components: Recon=0.0054, Perceptual=0.0228, Structural=0.0008, Edge=0.0197, VQ=0.0242
2026-02-25 04:10:27,357 [INFO] --- Training Client 2 ---
2026-02-25 04:14:38,848 [INFO] Client 2 > Epoch 1/5 | Total Loss: 0.1343 | Components: Recon=0.0200, Perceptual=0.0499, Structural=0.0021, Edge=0.0834, VQ=0.0254
2026-02-25 04:18:50,417 [INFO] Client 2 > Epoch 2/5 | Total Loss: 0.0670 | Components: Recon=0.0181, Perceptual=0.0418, Structural=0.0019, Edge=0.0745, VQ=0.0198
2026-02-25 04:23:01,760 [INFO] Client 2 > Epoch 3/5 | Total Loss: 0.0545 | Components: Recon=0.0190, Perceptual=0.0431, Structural=0.0020, Edge=0.0771, VQ=0.0196
2026-02-25 04:27:13,268 [INFO] Client 2 > Epoch 4/5 | Total Loss: 0.0539 | Components: Recon=0.0174, Perceptual=0.0382, Structural=0.0019, Edge=0.0692, VQ=0.0197
2026-02-25 04:31:25,775 [INFO] Client 2 > Epoch 5/5 | Total Loss: 0.0536 | Components: Recon=0.0183, Perceptual=0.0409, Structural=0.0019, Edge=0.0745, VQ=0.0190
2026-02-25 04:31:25,784 [INFO] --- Training Client 3 ---
2026-02-25 04:36:55,952 [INFO] Client 3 > Epoch 1/5 | Total Loss: 0.1387 | Components: Recon=0.0101, Perceptual=0.0293, Structural=0.0014, Edge=0.0401, VQ=0.2329
2026-02-25 04:42:26,443 [INFO] Client 3 > Epoch 2/5 | Total Loss: 0.0418 | Components: Recon=0.0123, Perceptual=0.0384, Structural=0.0024, Edge=0.0477, VQ=0.0059
2026-02-25 04:47:57,007 [INFO] Client 3 > Epoch 3/5 | Total Loss: 0.0449 | Components: Recon=0.0108, Perceptual=0.0304, Structural=0.0015, Edge=0.0432, VQ=0.0623
2026-02-25 04:53:27,319 [INFO] Client 3 > Epoch 4/5 | Total Loss: 0.0406 | Components: Recon=0.0081, Perceptual=0.0165, Structural=0.0010, Edge=0.0310, VQ=0.0341
2026-02-25 04:58:57,725 [INFO] Client 3 > Epoch 5/5 | Total Loss: 0.0400 | Components: Recon=0.0122, Perceptual=0.0326, Structural=0.0023, Edge=0.0480, VQ=0.0250
2026-02-25 04:58:57,743 [INFO] --- Server Aggregating Client Updates ---
2026-02-25 04:58:57,743 [INFO] Using Distribution-Aware Aggregation (FedMSR)
2026-02-25 04:58:57,756 [INFO] Distribution-Aware Aggregation Weights:
2026-02-25 04:58:57,756 [INFO] Client 0: weight=0.2569
2026-02-25 04:58:57,756 [INFO] Client 1: weight=0.2711
2026-02-25 04:58:57,756 [INFO] Client 2: weight=0.2210
2026-02-25 04:58:57,756 [INFO] Client 3: weight=0.2509
2026-02-25 04:58:57,778 [INFO] --- Validating Models Post-Aggregation ---
2026-02-25 04:59:16,037 [WARNING] Client 0: FID computed on only 1710 samples. Results may be statistically unreliable (need 2000+).
2026-02-25 04:59:18,658 [INFO] Client 0 Validation: PSNR=37.7384, SSIM=0.9603, LPIPS=0.0677, MSE=0.0002, FID=9.9218, Loss=0.0762
2026-02-25 04:59:38,831 [WARNING] Client 1: FID computed on only 1894 samples. Results may be statistically unreliable (need 2000+).
2026-02-25 04:59:41,528 [INFO] Client 1 Validation: PSNR=42.1252, SSIM=0.9771, LPIPS=0.0597, MSE=0.0001, FID=7.6095, Loss=0.0635
2026-02-25 04:59:55,003 [WARNING] Client 2: FID computed on only 1244 samples. Results may be statistically unreliable (need 2000+).
2026-02-25 05:00:03,316 [INFO] Client 2 Validation: PSNR=32.4941, SSIM=0.9619, LPIPS=0.0471, MSE=0.0006, FID=16.3919, Loss=0.0802
2026-02-25 05:00:21,034 [WARNING] Client 3: FID computed on only 1632 samples. Results may be statistically unreliable (need 2000+).
2026-02-25 05:00:23,574 [INFO] Client 3 Validation: PSNR=36.1860, SSIM=0.9689, LPIPS=0.0373, MSE=0.0002, FID=9.4721, Loss=0.0538
2026-02-25 05:00:23,574 [INFO] Global Average Validation: PSNR=37.1359, SSIM=0.9670, LPIPS=0.0529, MSE=0.000263, FID=10.8488, Loss=0.0684
2026-02-25 05:00:23,574 [INFO] New best validation PSNR: 37.1359 dB (SSIM=0.9670). Saving model state.
2026-02-25 05:00:23,725 [INFO] Saved best decoder for client 0
2026-02-25 05:00:23,827 [INFO] Saved best decoder for client 1
2026-02-25 05:00:23,930 [INFO] Saved best decoder for client 2
2026-02-25 05:00:24,033 [INFO] Saved best decoder for client 3
2026-02-25 05:00:24,042 [INFO] Client 0 Codebook Vitality | Top: active=1024, dead=0, entropy=5.473 | Bottom: active=1024, dead=0, entropy=3.795
2026-02-25 05:00:24,050 [INFO] Client 1 Codebook Vitality | Top: active=1024, dead=0, entropy=4.787 | Bottom: active=1024, dead=0, entropy=2.964
2026-02-25 05:00:24,057 [INFO] Client 2 Codebook Vitality | Top: active=1024, dead=0, entropy=4.785 | Bottom: active=1024, dead=0, entropy=3.062
2026-02-25 05:00:24,057 [INFO] Client 3 Codebook Vitality | Top: active=1024, dead=0, entropy=3.975 | Bottom: active=1024, dead=0, entropy=2.916
2026-02-25 05:00:24,137 [INFO] --- Evaluating Models Post-Aggregation ---
2026-02-25 05:00:24,680 [INFO] Client 0 Test Loss Components (1st batch): Recon=0.0131, Perceptual=0.0625, Structural=0.0019, VQ=0.7452
2026-02-25 05:00:42,708 [WARNING] Client 0: FID computed on only 1711 samples. Results may be statistically unreliable (need 2000+).
2026-02-25 05:00:45,118 [INFO] Client 0 Metrics: PSNR=37.8031, SSIM=0.9600, LPIPS=0.0675, MSE=0.000176, FID=10.0915, Loss=0.0759
2026-02-25 05:00:45,665 [INFO] Client 1 Test Loss Components (1st batch): Recon=0.0091, Perceptual=0.0659, Structural=0.0016, VQ=0.5225
2026-02-25 05:01:05,614 [WARNING] Client 1: FID computed on only 1895 samples. Results may be statistically unreliable (need 2000+).
2026-02-25 05:01:08,634 [INFO] Client 1 Metrics: PSNR=42.1288, SSIM=0.9768, LPIPS=0.0599, MSE=0.000062, FID=7.8736, Loss=0.0635
2026-02-25 05:01:09,223 [INFO] Client 2 Test Loss Components (1st batch): Recon=0.0214, Perceptual=0.0502, Structural=0.0026, VQ=0.5797
2026-02-25 05:01:22,362 [WARNING] Client 2: FID computed on only 1246 samples. Results may be statistically unreliable (need 2000+).
2026-02-25 05:01:33,105 [INFO] Client 2 Metrics: PSNR=32.4867, SSIM=0.9619, LPIPS=0.0471, MSE=0.000567, FID=16.7132, Loss=0.0801
2026-02-25 05:01:33,841 [INFO] Client 3 Test Loss Components (1st batch): Recon=0.0142, Perceptual=0.0480, Structural=0.0024, VQ=0.3253
2026-02-25 05:01:51,183 [WARNING] Client 3: FID computed on only 1633 samples. Results may be statistically unreliable (need 2000+).
2026-02-25 05:01:53,693 [INFO] Client 3 Metrics: PSNR=36.2743, SSIM=0.9695, LPIPS=0.0368, MSE=0.000241, FID=9.2040, Loss=0.0536
2026-02-25 05:01:53,693 [INFO] Global Average Metrics: PSNR=37.1732, SSIM=0.9671, LPIPS=0.0528, MSE=0.000262, FID=10.9706, Loss=0.0683
2026-02-25 05:01:54,177 [INFO] Metrics plot saved to: FedMedSR_results/FedMedSR/round_5/metrics_plot.png
2026-02-25 05:01:54,198 [INFO] ========== Starting Round 6/30 ==========
2026-02-25 05:01:54,198 [INFO] --- Training Client 0 ---
2026-02-25 05:07:40,278 [INFO] Client 0 > Epoch 1/5 | Total Loss: 0.0620 | Components: Recon=0.0153, Perceptual=0.0599, Structural=0.0026, Edge=0.0591, VQ=0.0268
2026-02-25 05:13:26,764 [INFO] Client 0 > Epoch 2/5 | Total Loss: 0.0381 | Components: Recon=0.0097, Perceptual=0.0437, Structural=0.0017, Edge=0.0370, VQ=0.0164
2026-02-25 05:19:12,986 [INFO] Client 0 > Epoch 3/5 | Total Loss: 0.0372 | Components: Recon=0.0123, Perceptual=0.0503, Structural=0.0018, Edge=0.0480, VQ=0.0205
2026-02-25 05:24:59,369 [INFO] Client 0 > Epoch 4/5 | Total Loss: 0.0368 | Components: Recon=0.0111, Perceptual=0.0461, Structural=0.0017, Edge=0.0435, VQ=0.0153
2026-02-25 05:30:46,208 [INFO] Client 0 > Epoch 5/5 | Total Loss: 0.0365 | Components: Recon=0.0092, Perceptual=0.0363, Structural=0.0015, Edge=0.0366, VQ=0.0142
2026-02-25 05:30:46,219 [INFO] --- Training Client 1 ---
2026-02-25 05:37:09,647 [INFO] Client 1 > Epoch 1/5 | Total Loss: 0.0368 | Components: Recon=0.0066, Perceptual=0.0288, Structural=0.0011, Edge=0.0239, VQ=0.0054
2026-02-25 05:43:33,405 [INFO] Client 1 > Epoch 2/5 | Total Loss: 0.0265 | Components: Recon=0.0075, Perceptual=0.0382, Structural=0.0015, Edge=0.0281, VQ=0.0046
2026-02-25 05:49:57,106 [INFO] Client 1 > Epoch 3/5 | Total Loss: 0.0235 | Components: Recon=0.0076, Perceptual=0.0381, Structural=0.0011, Edge=0.0279, VQ=0.0048
2026-02-25 05:56:20,400 [INFO] Client 1 > Epoch 4/5 | Total Loss: 0.0235 | Components: Recon=0.0065, Perceptual=0.0270, Structural=0.0008, Edge=0.0245, VQ=0.0045
2026-02-25 06:02:43,983 [INFO] Client 1 > Epoch 5/5 | Total Loss: 0.0231 | Components: Recon=0.0069, Perceptual=0.0328, Structural=0.0010, Edge=0.0259, VQ=0.0043
2026-02-25 06:02:43,993 [INFO] --- Training Client 2 ---
2026-02-25 06:06:56,699 [INFO] Client 2 > Epoch 1/5 | Total Loss: 0.0697 | Components: Recon=0.0155, Perceptual=0.0379, Structural=0.0018, Edge=0.0615, VQ=0.0191
2026-02-25 06:11:08,786 [INFO] Client 2 > Epoch 2/5 | Total Loss: 0.0750 | Components: Recon=0.0160, Perceptual=0.0362, Structural=0.0018, Edge=0.0653, VQ=0.0224
2026-02-25 06:15:21,019 [INFO] Client 2 > Epoch 3/5 | Total Loss: 0.0538 | Components: Recon=0.0178, Perceptual=0.0405, Structural=0.0019, Edge=0.0717, VQ=0.0243
2026-02-25 06:19:33,066 [INFO] Client 2 > Epoch 4/5 | Total Loss: 0.0533 | Components: Recon=0.0141, Perceptual=0.0289, Structural=0.0014, Edge=0.0559, VQ=0.0189
2026-02-25 06:23:45,031 [INFO] Client 2 > Epoch 5/5 | Total Loss: 0.0530 | Components: Recon=0.0162, Perceptual=0.0386, Structural=0.0019, Edge=0.0643, VQ=0.0247
2026-02-25 06:23:45,041 [INFO] --- Training Client 3 ---
2026-02-25 06:29:15,010 [INFO] Client 3 > Epoch 1/5 | Total Loss: 0.0577 | Components: Recon=0.0114, Perceptual=0.0220, Structural=0.0013, Edge=0.0475, VQ=0.0084
2026-02-25 06:34:45,152 [INFO] Client 3 > Epoch 2/5 | Total Loss: 0.0409 | Components: Recon=0.0141, Perceptual=0.0367, Structural=0.0024, Edge=0.0571, VQ=0.0084
2026-02-25 06:40:14,741 [INFO] Client 3 > Epoch 3/5 | Total Loss: 0.0380 | Components: Recon=0.0132, Perceptual=0.0353, Structural=0.0018, Edge=0.0532, VQ=0.0064
2026-02-25 06:45:44,843 [INFO] Client 3 > Epoch 4/5 | Total Loss: 0.0376 | Components: Recon=0.0104, Perceptual=0.0289, Structural=0.0018, Edge=0.0403, VQ=0.0044
2026-02-25 06:51:15,435 [INFO] Client 3 > Epoch 5/5 | Total Loss: 0.0373 | Components: Recon=0.0092, Perceptual=0.0248, Structural=0.0017, Edge=0.0338, VQ=0.0046
2026-02-25 06:51:15,444 [INFO] --- Server Aggregating Client Updates ---
2026-02-25 06:51:15,444 [INFO] Using Distribution-Aware Aggregation (FedMSR)
2026-02-25 06:51:15,456 [INFO] Distribution-Aware Aggregation Weights:
2026-02-25 06:51:15,456 [INFO] Client 0: weight=0.2569
2026-02-25 06:51:15,456 [INFO] Client 1: weight=0.2711
2026-02-25 06:51:15,456 [INFO] Client 2: weight=0.2210
2026-02-25 06:51:15,456 [INFO] Client 3: weight=0.2509
2026-02-25 06:51:15,471 [INFO] --- Validating Models Post-Aggregation ---
2026-02-25 06:51:33,788 [WARNING] Client 0: FID computed on only 1710 samples. Results may be statistically unreliable (need 2000+).
2026-02-25 06:51:36,633 [INFO] Client 0 Validation: PSNR=38.1701, SSIM=0.9664, LPIPS=0.0630, MSE=0.0002, FID=9.5795, Loss=0.2273
2026-02-25 06:51:56,865 [WARNING] Client 1: FID computed on only 1894 samples. Results may be statistically unreliable (need 2000+).
2026-02-25 06:51:59,361 [INFO] Client 1 Validation: PSNR=42.4225, SSIM=0.9818, LPIPS=0.0553, MSE=0.0001, FID=7.9410, Loss=0.2079
2026-02-25 06:52:13,000 [WARNING] Client 2: FID computed on only 1244 samples. Results may be statistically unreliable (need 2000+).
2026-02-25 06:52:25,566 [INFO] Client 2 Validation: PSNR=33.0923, SSIM=0.9658, LPIPS=0.0442, MSE=0.0005, FID=16.1482, Loss=0.2069
2026-02-25 06:52:43,228 [WARNING] Client 3: FID computed on only 1632 samples. Results may be statistically unreliable (need 2000+).
2026-02-25 06:52:45,949 [INFO] Client 3 Validation: PSNR=36.2423, SSIM=0.9690, LPIPS=0.0360, MSE=0.0002, FID=9.0436, Loss=0.1776
2026-02-25 06:52:45,949 [INFO] Global Average Validation: PSNR=37.4818, SSIM=0.9708, LPIPS=0.0496, MSE=0.000239, FID=10.6781, Loss=0.2049
2026-02-25 06:52:45,949 [INFO] New best validation PSNR: 37.4818 dB (SSIM=0.9708). Saving model state.
2026-02-25 06:52:46,102 [INFO] Saved best decoder for client 0
2026-02-25 06:52:46,208 [INFO] Saved best decoder for client 1
2026-02-25 06:52:46,313 [INFO] Saved best decoder for client 2
2026-02-25 06:52:46,418 [INFO] Saved best decoder for client 3
2026-02-25 06:52:46,428 [INFO] Client 0 Codebook Vitality | Top: active=1024, dead=0, entropy=5.546 | Bottom: active=1024, dead=0, entropy=2.006
2026-02-25 06:52:46,429 [INFO] Client 1 Codebook Vitality | Top: active=1024, dead=0, entropy=5.390 | Bottom: active=1024, dead=0, entropy=3.321
2026-02-25 06:52:46,429 [INFO] Client 2 Codebook Vitality | Top: active=1024, dead=0, entropy=5.113 | Bottom: active=1024, dead=0, entropy=3.137
2026-02-25 06:52:46,430 [INFO] Client 3 Codebook Vitality | Top: active=1024, dead=0, entropy=3.855 | Bottom: active=985, dead=39, entropy=0.485
2026-02-25 06:52:46,504 [INFO] --- Evaluating Models Post-Aggregation ---
2026-02-25 06:52:47,031 [INFO] Client 0 Test Loss Components (1st batch): Recon=0.0125, Perceptual=0.0582, Structural=0.0018, VQ=3.2286
2026-02-25 06:53:04,939 [WARNING] Client 0: FID computed on only 1711 samples. Results may be statistically unreliable (need 2000+).
2026-02-25 06:53:07,405 [INFO] Client 0 Metrics: PSNR=38.2414, SSIM=0.9665, LPIPS=0.0627, MSE=0.000160, FID=9.7748, Loss=0.2268
2026-02-25 06:53:07,932 [INFO] Client 1 Test Loss Components (1st batch): Recon=0.0086, Perceptual=0.0606, Structural=0.0016, VQ=3.0343
2026-02-25 06:53:27,829 [WARNING] Client 1: FID computed on only 1895 samples. Results may be statistically unreliable (need 2000+).
2026-02-25 06:53:30,247 [INFO] Client 1 Metrics: PSNR=42.4294, SSIM=0.9816, LPIPS=0.0555, MSE=0.000058, FID=8.1477, Loss=0.2078
2026-02-25 06:53:30,791 [INFO] Client 2 Test Loss Components (1st batch): Recon=0.0197, Perceptual=0.0470, Structural=0.0023, VQ=2.7725
2026-02-25 06:53:43,886 [WARNING] Client 2: FID computed on only 1246 samples. Results may be statistically unreliable (need 2000+).
2026-02-25 06:53:55,263 [INFO] Client 2 Metrics: PSNR=33.1062, SSIM=0.9659, LPIPS=0.0440, MSE=0.000491, FID=16.4012, Loss=0.2070
2026-02-25 06:53:56,041 [INFO] Client 3 Test Loss Components (1st batch): Recon=0.0142, Perceptual=0.0453, Structural=0.0024, VQ=2.3735
2026-02-25 06:54:13,553 [WARNING] Client 3: FID computed on only 1633 samples. Results may be statistically unreliable (need 2000+).
2026-02-25 06:54:16,016 [INFO] Client 3 Metrics: PSNR=36.3346, SSIM=0.9696, LPIPS=0.0356, MSE=0.000238, FID=8.7667, Loss=0.1773
2026-02-25 06:54:16,016 [INFO] Global Average Metrics: PSNR=37.5279, SSIM=0.9709, LPIPS=0.0495, MSE=0.000237, FID=10.7726, Loss=0.2047
2026-02-25 06:54:16,498 [INFO] Metrics plot saved to: FedMedSR_results/FedMedSR/round_6/metrics_plot.png
2026-02-25 06:54:16,520 [INFO] ========== Starting Round 7/30 ==========
2026-02-25 06:54:16,522 [INFO] --- Training Client 0 ---
2026-02-25 07:00:03,602 [INFO] Client 0 > Epoch 1/5 | Total Loss: 0.0563 | Components: Recon=0.0100, Perceptual=0.0471, Structural=0.0016, Edge=0.0364, VQ=0.0173
2026-02-25 07:05:50,389 [INFO] Client 0 > Epoch 2/5 | Total Loss: 0.0421 | Components: Recon=0.0090, Perceptual=0.0392, Structural=0.0012, Edge=0.0352, VQ=0.0133
2026-02-25 07:11:36,962 [INFO] Client 0 > Epoch 3/5 | Total Loss: 0.0368 | Components: Recon=0.0113, Perceptual=0.0503, Structural=0.0023, Edge=0.0413, VQ=0.0193
2026-02-25 07:17:23,268 [INFO] Client 0 > Epoch 4/5 | Total Loss: 0.0363 | Components: Recon=0.0134, Perceptual=0.0592, Structural=0.0025, Edge=0.0471, VQ=0.0216
2026-02-25 07:23:09,778 [INFO] Client 0 > Epoch 5/5 | Total Loss: 0.0361 | Components: Recon=0.0105, Perceptual=0.0418, Structural=0.0016, Edge=0.0425, VQ=0.0209
2026-02-25 07:23:09,794 [INFO] --- Training Client 1 ---
2026-02-25 07:29:32,835 [INFO] Client 1 > Epoch 1/5 | Total Loss: 0.0324 | Components: Recon=0.0082, Perceptual=0.0366, Structural=0.0012, Edge=0.0302, VQ=1.5932
2026-02-25 07:35:56,917 [INFO] Client 1 > Epoch 2/5 | Total Loss: 0.0240 | Components: Recon=0.0061, Perceptual=0.0305, Structural=0.0009, Edge=0.0215, VQ=0.0045
2026-02-25 07:42:21,680 [INFO] Client 1 > Epoch 3/5 | Total Loss: 0.0233 | Components: Recon=0.0071, Perceptual=0.0309, Structural=0.0010, Edge=0.0263, VQ=0.0052
2026-02-25 07:48:45,540 [INFO] Client 1 > Epoch 4/5 | Total Loss: 0.0229 | Components: Recon=0.0063, Perceptual=0.0291, Structural=0.0009, Edge=0.0231, VQ=0.0044
2026-02-25 07:55:09,252 [INFO] Client 1 > Epoch 5/5 | Total Loss: 0.0227 | Components: Recon=0.0057, Perceptual=0.0248, Structural=0.0007, Edge=0.0195, VQ=0.0040
2026-02-25 07:55:09,268 [INFO] --- Training Client 2 ---
2026-02-25 07:59:21,353 [INFO] Client 2 > Epoch 1/5 | Total Loss: 0.0673 | Components: Recon=0.0176, Perceptual=0.0367, Structural=0.0018, Edge=0.0723, VQ=0.0532
2026-02-25 08:03:33,492 [INFO] Client 2 > Epoch 2/5 | Total Loss: 0.0553 | Components: Recon=0.0152, Perceptual=0.0325, Structural=0.0016, Edge=0.0608, VQ=0.0286
2026-02-25 08:07:45,594 [INFO] Client 2 > Epoch 3/5 | Total Loss: 0.0536 | Components: Recon=0.0166, Perceptual=0.0366, Structural=0.0016, Edge=0.0684, VQ=0.0313
2026-02-25 08:11:57,641 [INFO] Client 2 > Epoch 4/5 | Total Loss: 0.0528 | Components: Recon=0.0157, Perceptual=0.0347, Structural=0.0017, Edge=0.0623, VQ=0.0265
2026-02-25 08:16:09,794 [INFO] Client 2 > Epoch 5/5 | Total Loss: 0.0525 | Components: Recon=0.0144, Perceptual=0.0320, Structural=0.0017, Edge=0.0549, VQ=0.0208
2026-02-25 08:16:09,804 [INFO] --- Training Client 3 ---
2026-02-25 08:21:39,986 [INFO] Client 3 > Epoch 1/5 | Total Loss: 0.0482 | Components: Recon=0.0100, Perceptual=0.0261, Structural=0.0015, Edge=0.0393, VQ=0.0083
2026-02-25 08:27:10,115 [INFO] Client 3 > Epoch 2/5 | Total Loss: 0.0384 | Components: Recon=0.0095, Perceptual=0.0215, Structural=0.0011, Edge=0.0384, VQ=0.0069
2026-02-25 08:32:40,471 [INFO] Client 3 > Epoch 3/5 | Total Loss: 0.0378 | Components: Recon=0.0107, Perceptual=0.0307, Structural=0.0013, Edge=0.0425, VQ=0.0073
2026-02-25 08:38:10,392 [INFO] Client 3 > Epoch 4/5 | Total Loss: 0.0373 | Components: Recon=0.0116, Perceptual=0.0283, Structural=0.0015, Edge=0.0454, VQ=0.0068
2026-02-25 08:43:40,374 [INFO] Client 3 > Epoch 5/5 | Total Loss: 0.0371 | Components: Recon=0.0123, Perceptual=0.0283, Structural=0.0015, Edge=0.0505, VQ=0.0113
2026-02-25 08:43:40,390 [INFO] --- Server Aggregating Client Updates ---
2026-02-25 08:43:40,390 [INFO] Using Distribution-Aware Aggregation (FedMSR)
2026-02-25 08:43:40,418 [INFO] Distribution-Aware Aggregation Weights:
2026-02-25 08:43:40,418 [INFO] Client 0: weight=0.2569
2026-02-25 08:43:40,418 [INFO] Client 1: weight=0.2711
2026-02-25 08:43:40,418 [INFO] Client 2: weight=0.2210
2026-02-25 08:43:40,418 [INFO] Client 3: weight=0.2509
2026-02-25 08:43:40,433 [INFO] --- Validating Models Post-Aggregation ---
2026-02-25 08:43:58,806 [WARNING] Client 0: FID computed on only 1710 samples. Results may be statistically unreliable (need 2000+).
2026-02-25 08:44:01,523 [INFO] Client 0 Validation: PSNR=38.6384, SSIM=0.9717, LPIPS=0.0573, MSE=0.0001, FID=8.7006, Loss=0.0707
2026-02-25 08:44:21,986 [WARNING] Client 1: FID computed on only 1894 samples. Results may be statistically unreliable (need 2000+).
2026-02-25 08:44:24,418 [INFO] Client 1 Validation: PSNR=42.3683, SSIM=0.9784, LPIPS=0.0572, MSE=0.0001, FID=7.5024, Loss=0.0590
2026-02-25 08:44:37,917 [WARNING] Client 2: FID computed on only 1244 samples. Results may be statistically unreliable (need 2000+).
2026-02-25 08:44:48,410 [INFO] Client 2 Validation: PSNR=33.1496, SSIM=0.9660, LPIPS=0.0437, MSE=0.0005, FID=15.7513, Loss=0.0736
2026-02-25 08:45:06,364 [WARNING] Client 3: FID computed on only 1632 samples. Results may be statistically unreliable (need 2000+).
2026-02-25 08:45:09,417 [INFO] Client 3 Validation: PSNR=36.3829, SSIM=0.9695, LPIPS=0.0353, MSE=0.0002, FID=8.7566, Loss=0.0578
2026-02-25 08:45:09,417 [INFO] Global Average Validation: PSNR=37.6348, SSIM=0.9714, LPIPS=0.0484, MSE=0.000232, FID=10.1777, Loss=0.0653
2026-02-25 08:45:09,417 [INFO] New best validation PSNR: 37.6348 dB (SSIM=0.9714). Saving model state.
2026-02-25 08:45:09,575 [INFO] Saved best decoder for client 0
2026-02-25 08:45:09,676 [INFO] Saved best decoder for client 1
2026-02-25 08:45:09,822 [INFO] Saved best decoder for client 2
2026-02-25 08:45:09,927 [INFO] Saved best decoder for client 3
2026-02-25 08:45:09,928 [INFO] Client 0 Codebook Vitality | Top: active=1024, dead=0, entropy=5.589 | Bottom: active=1024, dead=0, entropy=1.417
2026-02-25 08:45:09,929 [INFO] Client 1 Codebook Vitality | Top: active=1024, dead=0, entropy=5.137 | Bottom: active=1024, dead=0, entropy=2.131
2026-02-25 08:45:09,929 [INFO] Client 2 Codebook Vitality | Top: active=1024, dead=0, entropy=4.482 | Bottom: active=1024, dead=0, entropy=1.019
2026-02-25 08:45:09,929 [INFO] Client 3 Codebook Vitality | Top: active=1024, dead=0, entropy=4.513 | Bottom: active=1024, dead=0, entropy=3.095
2026-02-25 08:45:10,009 [INFO] --- Evaluating Models Post-Aggregation ---
2026-02-25 08:45:10,606 [INFO] Client 0 Test Loss Components (1st batch): Recon=0.0117, Perceptual=0.0540, Structural=0.0017, VQ=0.6295
2026-02-25 08:45:28,640 [WARNING] Client 0: FID computed on only 1711 samples. Results may be statistically unreliable (need 2000+).
2026-02-25 08:45:31,166 [INFO] Client 0 Metrics: PSNR=38.7296, SSIM=0.9721, LPIPS=0.0567, MSE=0.000146, FID=8.7840, Loss=0.0701
2026-02-25 08:45:31,694 [INFO] Client 1 Test Loss Components (1st batch): Recon=0.0087, Perceptual=0.0652, Structural=0.0016, VQ=0.5836
2026-02-25 08:45:51,535 [WARNING] Client 1: FID computed on only 1895 samples. Results may be statistically unreliable (need 2000+).
2026-02-25 08:45:54,156 [INFO] Client 1 Metrics: PSNR=42.3813, SSIM=0.9785, LPIPS=0.0572, MSE=0.000058, FID=7.6480, Loss=0.0590
2026-02-25 08:45:54,682 [INFO] Client 2 Test Loss Components (1st batch): Recon=0.0197, Perceptual=0.0465, Structural=0.0023, VQ=0.5089
2026-02-25 08:46:07,814 [WARNING] Client 2: FID computed on only 1246 samples. Results may be statistically unreliable (need 2000+).
2026-02-25 08:46:16,694 [INFO] Client 2 Metrics: PSNR=33.1642, SSIM=0.9661, LPIPS=0.0436, MSE=0.000485, FID=15.9725, Loss=0.0735
2026-02-25 08:46:17,681 [INFO] Client 3 Test Loss Components (1st batch): Recon=0.0139, Perceptual=0.0440, Structural=0.0023, VQ=0.5194
2026-02-25 08:46:34,757 [WARNING] Client 3: FID computed on only 1633 samples. Results may be statistically unreliable (need 2000+).
2026-02-25 08:46:37,425 [INFO] Client 3 Metrics: PSNR=36.4781, SSIM=0.9701, LPIPS=0.0350, MSE=0.000230, FID=8.5128, Loss=0.0575
2026-02-25 08:46:37,426 [INFO] Global Average Metrics: PSNR=37.6883, SSIM=0.9717, LPIPS=0.0481, MSE=0.000230, FID=10.2293, Loss=0.0650
2026-02-25 08:46:37,902 [INFO] Metrics plot saved to: FedMedSR_results/FedMedSR/round_7/metrics_plot.png
2026-02-25 08:46:37,924 [INFO] ========== Starting Round 8/30 ==========
2026-02-25 08:46:37,926 [INFO] --- Training Client 0 ---
2026-02-25 08:52:25,101 [INFO] Client 0 > Epoch 1/5 | Total Loss: 0.0656 | Components: Recon=0.0134, Perceptual=0.0540, Structural=0.0028, Edge=0.0481, VQ=0.0264
2026-02-25 08:58:11,387 [INFO] Client 0 > Epoch 2/5 | Total Loss: 0.0372 | Components: Recon=0.0106, Perceptual=0.0423, Structural=0.0020, Edge=0.0409, VQ=0.0231
2026-02-25 09:03:58,041 [INFO] Client 0 > Epoch 3/5 | Total Loss: 0.0365 | Components: Recon=0.0091, Perceptual=0.0356, Structural=0.0018, Edge=0.0355, VQ=0.0227
2026-02-25 09:09:45,308 [INFO] Client 0 > Epoch 4/5 | Total Loss: 0.0361 | Components: Recon=0.0099, Perceptual=0.0424, Structural=0.0014, Edge=0.0396, VQ=0.0151
2026-02-25 09:15:31,555 [INFO] Client 0 > Epoch 5/5 | Total Loss: 0.0359 | Components: Recon=0.0078, Perceptual=0.0289, Structural=0.0017, Edge=0.0308, VQ=0.0155
2026-02-25 09:15:31,565 [INFO] --- Training Client 1 ---
2026-02-25 09:21:54,323 [INFO] Client 1 > Epoch 1/5 | Total Loss: 0.0402 | Components: Recon=0.0065, Perceptual=0.0317, Structural=0.0009, Edge=0.0234, VQ=2.7699
2026-02-25 09:28:17,885 [INFO] Client 1 > Epoch 2/5 | Total Loss: 0.0236 | Components: Recon=0.0066, Perceptual=0.0282, Structural=0.0011, Edge=0.0247, VQ=0.0052
2026-02-25 09:34:41,396 [INFO] Client 1 > Epoch 3/5 | Total Loss: 0.0229 | Components: Recon=0.0070, Perceptual=0.0296, Structural=0.0009, Edge=0.0263, VQ=0.0051
2026-02-25 09:41:05,368 [INFO] Client 1 > Epoch 4/5 | Total Loss: 0.0225 | Components: Recon=0.0068, Perceptual=0.0291, Structural=0.0013, Edge=0.0251, VQ=0.0050
2026-02-25 09:47:29,802 [INFO] Client 1 > Epoch 5/5 | Total Loss: 0.0224 | Components: Recon=0.0063, Perceptual=0.0284, Structural=0.0008, Edge=0.0229, VQ=0.0043
2026-02-25 09:47:29,814 [INFO] --- Training Client 2 ---
2026-02-25 09:51:41,890 [INFO] Client 2 > Epoch 1/5 | Total Loss: 0.0656 | Components: Recon=0.0147, Perceptual=0.0338, Structural=0.0016, Edge=0.0593, VQ=0.0461
2026-02-25 09:55:53,946 [INFO] Client 2 > Epoch 2/5 | Total Loss: 0.0558 | Components: Recon=0.0160, Perceptual=0.0380, Structural=0.0019, Edge=0.0638, VQ=0.0355
2026-02-25 10:00:06,916 [INFO] Client 2 > Epoch 3/5 | Total Loss: 0.0532 | Components: Recon=0.0156, Perceptual=0.0334, Structural=0.0017, Edge=0.0616, VQ=0.0448
2026-02-25 10:04:19,824 [INFO] Client 2 > Epoch 4/5 | Total Loss: 0.0526 | Components: Recon=0.0155, Perceptual=0.0330, Structural=0.0017, Edge=0.0602, VQ=0.0364
2026-02-25 10:08:32,560 [INFO] Client 2 > Epoch 5/5 | Total Loss: 0.0523 | Components: Recon=0.0188, Perceptual=0.0416, Structural=0.0020, Edge=0.0749, VQ=0.0591
2026-02-25 10:08:32,573 [INFO] --- Training Client 3 ---
2026-02-25 10:14:04,251 [INFO] Client 3 > Epoch 1/5 | Total Loss: 0.0497 | Components: Recon=0.0088, Perceptual=0.0230, Structural=0.0014, Edge=0.0342, VQ=0.1105
2026-02-25 10:19:34,765 [INFO] Client 3 > Epoch 2/5 | Total Loss: 0.0384 | Components: Recon=0.0120, Perceptual=0.0415, Structural=0.0022, Edge=0.0444, VQ=0.0090
2026-02-25 10:25:05,995 [INFO] Client 3 > Epoch 3/5 | Total Loss: 0.0378 | Components: Recon=0.0124, Perceptual=0.0391, Structural=0.0023, Edge=0.0475, VQ=0.0064
2026-02-25 10:30:37,420 [INFO] Client 3 > Epoch 4/5 | Total Loss: 0.0370 | Components: Recon=0.0096, Perceptual=0.0245, Structural=0.0017, Edge=0.0366, VQ=0.0061
2026-02-25 10:36:09,432 [INFO] Client 3 > Epoch 5/5 | Total Loss: 0.0368 | Components: Recon=0.0127, Perceptual=0.0401, Structural=0.0021, Edge=0.0506, VQ=0.0078
2026-02-25 10:36:09,445 [INFO] --- Server Aggregating Client Updates ---
2026-02-25 10:36:09,445 [INFO] Using Distribution-Aware Aggregation (FedMSR)
2026-02-25 10:36:09,453 [INFO] Distribution-Aware Aggregation Weights:
2026-02-25 10:36:09,453 [INFO] Client 0: weight=0.2569
2026-02-25 10:36:09,453 [INFO] Client 1: weight=0.2711
2026-02-25 10:36:09,453 [INFO] Client 2: weight=0.2210
2026-02-25 10:36:09,453 [INFO] Client 3: weight=0.2509
2026-02-25 10:36:09,471 [INFO] --- Validating Models Post-Aggregation ---
2026-02-25 10:36:28,220 [WARNING] Client 0: FID computed on only 1710 samples. Results may be statistically unreliable (need 2000+).
2026-02-25 10:36:30,796 [INFO] Client 0 Validation: PSNR=39.0086, SSIM=0.9729, LPIPS=0.0562, MSE=0.0001, FID=8.3538, Loss=0.0331
2026-02-25 10:36:51,460 [WARNING] Client 1: FID computed on only 1894 samples. Results may be statistically unreliable (need 2000+).
2026-02-25 10:36:54,076 [INFO] Client 1 Validation: PSNR=42.5879, SSIM=0.9824, LPIPS=0.0542, MSE=0.0001, FID=7.3907, Loss=0.0241
2026-02-25 10:37:07,740 [WARNING] Client 2: FID computed on only 1244 samples. Results may be statistically unreliable (need 2000+).
2026-02-25 10:37:19,406 [INFO] Client 2 Validation: PSNR=33.3311, SSIM=0.9662, LPIPS=0.0428, MSE=0.0005, FID=15.3542, Loss=0.0456
2026-02-25 10:37:37,518 [WARNING] Client 3: FID computed on only 1632 samples. Results may be statistically unreliable (need 2000+).
2026-02-25 10:37:40,186 [INFO] Client 3 Validation: PSNR=36.4776, SSIM=0.9696, LPIPS=0.0347, MSE=0.0002, FID=8.5890, Loss=0.0308
2026-02-25 10:37:40,186 [INFO] Global Average Validation: PSNR=37.8513, SSIM=0.9728, LPIPS=0.0470, MSE=0.000223, FID=9.9220, Loss=0.0334
2026-02-25 10:37:40,186 [INFO] New best validation PSNR: 37.8513 dB (SSIM=0.9728). Saving model state.
2026-02-25 10:37:40,340 [INFO] Saved best decoder for client 0
2026-02-25 10:37:40,451 [INFO] Saved best decoder for client 1
2026-02-25 10:37:40,560 [INFO] Saved best decoder for client 2
2026-02-25 10:37:40,669 [INFO] Saved best decoder for client 3
2026-02-25 10:37:40,681 [INFO] Client 0 Codebook Vitality | Top: active=1024, dead=0, entropy=6.008 | Bottom: active=1024, dead=0, entropy=4.659
2026-02-25 10:37:40,694 [INFO] Client 1 Codebook Vitality | Top: active=1024, dead=0, entropy=5.440 | Bottom: active=1024, dead=0, entropy=4.365
2026-02-25 10:37:40,695 [INFO] Client 2 Codebook Vitality | Top: active=1024, dead=0, entropy=4.588 | Bottom: active=1024, dead=0, entropy=4.379
2026-02-25 10:37:40,695 [INFO] Client 3 Codebook Vitality | Top: active=1024, dead=0, entropy=4.116 | Bottom: active=1024, dead=0, entropy=4.204
2026-02-25 10:37:40,775 [INFO] --- Evaluating Models Post-Aggregation ---
2026-02-25 10:37:41,355 [INFO] Client 0 Test Loss Components (1st batch): Recon=0.0113, Perceptual=0.0531, Structural=0.0017, VQ=0.0270
2026-02-25 10:37:59,528 [WARNING] Client 0: FID computed on only 1711 samples. Results may be statistically unreliable (need 2000+).
2026-02-25 10:38:01,954 [INFO] Client 0 Metrics: PSNR=39.1077, SSIM=0.9732, LPIPS=0.0557, MSE=0.000135, FID=8.4581, Loss=0.0326
2026-02-25 10:38:02,598 [INFO] Client 1 Test Loss Components (1st batch): Recon=0.0084, Perceptual=0.0662, Structural=0.0017, VQ=0.0274
2026-02-25 10:38:23,049 [WARNING] Client 1: FID computed on only 1895 samples. Results may be statistically unreliable (need 2000+).
2026-02-25 10:38:25,891 [INFO] Client 1 Metrics: PSNR=42.5994, SSIM=0.9822, LPIPS=0.0544, MSE=0.000056, FID=7.5380, Loss=0.0242
2026-02-25 10:38:26,448 [INFO] Client 2 Test Loss Components (1st batch): Recon=0.0194, Perceptual=0.0454, Structural=0.0023, VQ=0.0389
2026-02-25 10:38:39,473 [WARNING] Client 2: FID computed on only 1246 samples. Results may be statistically unreliable (need 2000+).
2026-02-25 10:38:51,725 [INFO] Client 2 Metrics: PSNR=33.3397, SSIM=0.9663, LPIPS=0.0426, MSE=0.000466, FID=15.5504, Loss=0.0456
2026-02-25 10:38:52,498 [INFO] Client 3 Test Loss Components (1st batch): Recon=0.0137, Perceptual=0.0430, Structural=0.0024, VQ=0.0443
2026-02-25 10:39:09,550 [WARNING] Client 3: FID computed on only 1633 samples. Results may be statistically unreliable (need 2000+).
2026-02-25 10:39:11,781 [INFO] Client 3 Metrics: PSNR=36.5716, SSIM=0.9702, LPIPS=0.0343, MSE=0.000225, FID=8.3631, Loss=0.0305
2026-02-25 10:39:11,781 [INFO] Global Average Metrics: PSNR=37.9046, SSIM=0.9730, LPIPS=0.0468, MSE=0.000220, FID=9.9774, Loss=0.0332
2026-02-25 10:39:12,259 [INFO] Metrics plot saved to: FedMedSR_results/FedMedSR/round_8/metrics_plot.png
2026-02-25 10:39:12,281 [INFO] ========== Starting Round 9/30 ==========
2026-02-25 10:39:12,282 [INFO] --- Training Client 0 ---
2026-02-25 10:44:58,309 [INFO] Client 0 > Epoch 1/5 | Total Loss: 0.0466 | Components: Recon=0.0104, Perceptual=0.0425, Structural=0.0017, Edge=0.0401, VQ=0.0202
2026-02-25 10:50:44,090 [INFO] Client 0 > Epoch 2/5 | Total Loss: 0.0385 | Components: Recon=0.0104, Perceptual=0.0387, Structural=0.0018, Edge=0.0414, VQ=0.0173
2026-02-25 10:56:31,281 [INFO] Client 0 > Epoch 3/5 | Total Loss: 0.0361 | Components: Recon=0.0093, Perceptual=0.0377, Structural=0.0011, Edge=0.0364, VQ=0.0146
2026-02-25 11:02:17,686 [INFO] Client 0 > Epoch 4/5 | Total Loss: 0.0357 | Components: Recon=0.0098, Perceptual=0.0388, Structural=0.0011, Edge=0.0397, VQ=0.0145
2026-02-25 11:08:04,520 [INFO] Client 0 > Epoch 5/5 | Total Loss: 0.0355 | Components: Recon=0.0145, Perceptual=0.0537, Structural=0.0031, Edge=0.0546, VQ=0.0231
2026-02-25 11:08:04,531 [INFO] --- Training Client 1 ---
2026-02-25 11:14:29,207 [INFO] Client 1 > Epoch 1/5 | Total Loss: 0.0307 | Components: Recon=0.0070, Perceptual=0.0318, Structural=0.0012, Edge=0.0262, VQ=0.0061
2026-02-25 11:20:55,420 [INFO] Client 1 > Epoch 2/5 | Total Loss: 0.0233 | Components: Recon=0.0070, Perceptual=0.0333, Structural=0.0011, Edge=0.0258, VQ=0.0057
2026-02-25 11:27:36,494 [INFO] Client 1 > Epoch 3/5 | Total Loss: 0.0227 | Components: Recon=0.0077, Perceptual=0.0324, Structural=0.0008, Edge=0.0287, VQ=0.0059
2026-02-25 11:34:55,100 [INFO] Client 1 > Epoch 4/5 | Total Loss: 0.0223 | Components: Recon=0.0071, Perceptual=0.0300, Structural=0.0015, Edge=0.0263, VQ=0.0057
2026-02-25 11:41:50,484 [INFO] Client 1 > Epoch 5/5 | Total Loss: 0.0222 | Components: Recon=0.0064, Perceptual=0.0296, Structural=0.0011, Edge=0.0231, VQ=0.0048
2026-02-25 11:41:50,504 [INFO] --- Training Client 2 ---
2026-02-25 11:46:02,681 [INFO] Client 2 > Epoch 1/5 | Total Loss: 0.1057 | Components: Recon=0.0177, Perceptual=0.0402, Structural=0.0020, Edge=0.0712, VQ=0.0511
2026-02-25 11:50:15,089 [INFO] Client 2 > Epoch 2/5 | Total Loss: 0.0543 | Components: Recon=0.0175, Perceptual=0.0387, Structural=0.0020, Edge=0.0702, VQ=0.0409
2026-02-25 11:54:27,668 [INFO] Client 2 > Epoch 3/5 | Total Loss: 0.0525 | Components: Recon=0.0161, Perceptual=0.0374, Structural=0.0019, Edge=0.0630, VQ=0.0294
2026-02-25 11:58:40,237 [INFO] Client 2 > Epoch 4/5 | Total Loss: 0.0518 | Components: Recon=0.0174, Perceptual=0.0397, Structural=0.0020, Edge=0.0690, VQ=0.0455
2026-02-25 12:02:52,895 [INFO] Client 2 > Epoch 5/5 | Total Loss: 0.0515 | Components: Recon=0.0146, Perceptual=0.0324, Structural=0.0016, Edge=0.0571, VQ=0.0274
2026-02-25 12:02:52,911 [INFO] --- Training Client 3 ---
2026-02-25 12:09:40,672 [INFO] Client 3 > Epoch 1/5 | Total Loss: 0.0448 | Components: Recon=0.0100, Perceptual=0.0237, Structural=0.0015, Edge=0.0388, VQ=0.0136
2026-02-25 12:17:10,027 [INFO] Client 3 > Epoch 2/5 | Total Loss: 0.0378 | Components: Recon=0.0102, Perceptual=0.0291, Structural=0.0017, Edge=0.0400, VQ=0.0077
2026-02-25 12:24:38,961 [INFO] Client 3 > Epoch 3/5 | Total Loss: 0.0373 | Components: Recon=0.0100, Perceptual=0.0261, Structural=0.0015, Edge=0.0394, VQ=0.0065
2026-02-25 12:32:08,426 [INFO] Client 3 > Epoch 4/5 | Total Loss: 0.0368 | Components: Recon=0.0115, Perceptual=0.0275, Structural=0.0016, Edge=0.0457, VQ=0.0115
2026-02-25 12:39:37,588 [INFO] Client 3 > Epoch 5/5 | Total Loss: 0.0366 | Components: Recon=0.0123, Perceptual=0.0319, Structural=0.0021, Edge=0.0480, VQ=0.0086
2026-02-25 12:39:37,611 [INFO] --- Server Aggregating Client Updates ---
2026-02-25 12:39:37,611 [INFO] Using Distribution-Aware Aggregation (FedMSR)
2026-02-25 12:39:37,619 [INFO] Distribution-Aware Aggregation Weights:
2026-02-25 12:39:37,619 [INFO] Client 0: weight=0.2569
2026-02-25 12:39:37,619 [INFO] Client 1: weight=0.2711
2026-02-25 12:39:37,619 [INFO] Client 2: weight=0.2210
2026-02-25 12:39:37,619 [INFO] Client 3: weight=0.2509
2026-02-25 12:39:37,635 [INFO] --- Validating Models Post-Aggregation ---
2026-02-25 12:40:01,937 [WARNING] Client 0: FID computed on only 1710 samples. Results may be statistically unreliable (need 2000+).
2026-02-25 12:40:04,459 [INFO] Client 0 Validation: PSNR=39.1720, SSIM=0.9729, LPIPS=0.0557, MSE=0.0001, FID=8.4426, Loss=0.0318
2026-02-25 12:40:31,385 [WARNING] Client 1: FID computed on only 1894 samples. Results may be statistically unreliable (need 2000+).
2026-02-25 12:40:33,976 [INFO] Client 1 Validation: PSNR=43.0692, SSIM=0.9768, LPIPS=0.0520, MSE=0.0000, FID=7.1447, Loss=0.0231
2026-02-25 12:40:51,855 [WARNING] Client 2: FID computed on only 1244 samples. Results may be statistically unreliable (need 2000+).
2026-02-25 12:41:03,664 [INFO] Client 2 Validation: PSNR=33.7373, SSIM=0.9670, LPIPS=0.0415, MSE=0.0004, FID=14.7880, Loss=0.0434
2026-02-25 12:41:27,327 [WARNING] Client 3: FID computed on only 1632 samples. Results may be statistically unreliable (need 2000+).
2026-02-25 12:41:29,839 [INFO] Client 3 Validation: PSNR=36.5608, SSIM=0.9697, LPIPS=0.0342, MSE=0.0002, FID=8.4259, Loss=0.0297
2026-02-25 12:41:29,839 [INFO] Global Average Validation: PSNR=38.1348, SSIM=0.9716, LPIPS=0.0458, MSE=0.000209, FID=9.7003, Loss=0.0320
2026-02-25 12:41:29,839 [INFO] New best validation PSNR: 38.1348 dB (SSIM=0.9716). Saving model state.
2026-02-25 12:41:30,017 [INFO] Saved best decoder for client 0
2026-02-25 12:41:30,123 [INFO] Saved best decoder for client 1
2026-02-25 12:41:30,228 [INFO] Saved best decoder for client 2
2026-02-25 12:41:30,333 [INFO] Saved best decoder for client 3
2026-02-25 12:41:30,334 [INFO] Client 0 Codebook Vitality | Top: active=1024, dead=0, entropy=6.023 | Bottom: active=1024, dead=0, entropy=6.162
2026-02-25 12:41:30,336 [INFO] Client 1 Codebook Vitality | Top: active=1024, dead=0, entropy=5.212 | Bottom: active=1024, dead=0, entropy=5.878
2026-02-25 12:41:30,338 [INFO] Client 2 Codebook Vitality | Top: active=1024, dead=0, entropy=4.987 | Bottom: active=1024, dead=0, entropy=5.738
2026-02-25 12:41:30,339 [INFO] Client 3 Codebook Vitality | Top: active=1024, dead=0, entropy=4.095 | Bottom: active=1024, dead=0, entropy=4.960
2026-02-25 12:41:30,437 [INFO] --- Evaluating Models Post-Aggregation ---
2026-02-25 12:41:31,007 [INFO] Client 0 Test Loss Components (1st batch): Recon=0.0112, Perceptual=0.0518, Structural=0.0017, VQ=0.0115
2026-02-25 12:41:54,962 [WARNING] Client 0: FID computed on only 1711 samples. Results may be statistically unreliable (need 2000+).
2026-02-25 12:41:57,653 [INFO] Client 0 Metrics: PSNR=39.2711, SSIM=0.9732, LPIPS=0.0552, MSE=0.000130, FID=8.6070, Loss=0.0313
2026-02-25 12:41:58,242 [INFO] Client 1 Test Loss Components (1st batch): Recon=0.0082, Perceptual=0.0614, Structural=0.0017, VQ=0.0127
2026-02-25 12:42:24,833 [WARNING] Client 1: FID computed on only 1895 samples. Results may be statistically unreliable (need 2000+).
2026-02-25 12:42:27,679 [INFO] Client 1 Metrics: PSNR=43.0806, SSIM=0.9771, LPIPS=0.0520, MSE=0.000050, FID=7.2621, Loss=0.0231
2026-02-25 12:42:28,265 [INFO] Client 2 Test Loss Components (1st batch): Recon=0.0189, Perceptual=0.0440, Structural=0.0023, VQ=0.0247
2026-02-25 12:42:45,767 [WARNING] Client 2: FID computed on only 1246 samples. Results may be statistically unreliable (need 2000+).
2026-02-25 12:42:57,749 [INFO] Client 2 Metrics: PSNR=33.7450, SSIM=0.9670, LPIPS=0.0414, MSE=0.000425, FID=14.9556, Loss=0.0433
2026-02-25 12:42:58,565 [INFO] Client 3 Test Loss Components (1st batch): Recon=0.0135, Perceptual=0.0423, Structural=0.0023, VQ=0.0274
2026-02-25 12:43:21,375 [WARNING] Client 3: FID computed on only 1633 samples. Results may be statistically unreliable (need 2000+).
2026-02-25 12:43:23,773 [INFO] Client 3 Metrics: PSNR=36.6563, SSIM=0.9703, LPIPS=0.0338, MSE=0.000221, FID=8.2180, Loss=0.0293
2026-02-25 12:43:23,773 [INFO] Global Average Metrics: PSNR=38.1883, SSIM=0.9719, LPIPS=0.0456, MSE=0.000206, FID=9.7607, Loss=0.0318
2026-02-25 12:43:24,267 [INFO] Metrics plot saved to: FedMedSR_results/FedMedSR/round_9/metrics_plot.png
2026-02-25 12:43:24,289 [INFO] ========== Starting Round 10/30 ==========
2026-02-25 12:43:24,290 [INFO] --- Training Client 0 ---
2026-02-25 12:51:14,386 [INFO] Client 0 > Epoch 1/5 | Total Loss: 0.0468 | Components: Recon=0.0092, Perceptual=0.0322, Structural=0.0015, Edge=0.0348, VQ=0.0189
2026-02-25 12:59:04,406 [INFO] Client 0 > Epoch 2/5 | Total Loss: 0.0363 | Components: Recon=0.0094, Perceptual=0.0373, Structural=0.0015, Edge=0.0368, VQ=0.0160
2026-02-25 13:06:54,230 [INFO] Client 0 > Epoch 3/5 | Total Loss: 0.0382 | Components: Recon=0.0094, Perceptual=0.0361, Structural=0.0014, Edge=0.0360, VQ=0.0162
2026-02-25 13:14:44,601 [INFO] Client 0 > Epoch 4/5 | Total Loss: 0.0354 | Components: Recon=0.0166, Perceptual=0.0562, Structural=0.0030, Edge=0.0626, VQ=0.0320
2026-02-25 13:21:02,436 [INFO] Client 0 > Epoch 5/5 | Total Loss: 0.0352 | Components: Recon=0.0112, Perceptual=0.0435, Structural=0.0000, Edge=0.0439, VQ=0.0204
2026-02-25 13:21:02,445 [INFO] --- Training Client 1 ---
2026-02-25 13:27:26,246 [INFO] Client 1 > Epoch 1/5 | Total Loss: 0.0312 | Components: Recon=0.0069, Perceptual=0.0324, Structural=0.0010, Edge=0.0249, VQ=0.0071
2026-02-25 13:33:50,390 [INFO] Client 1 > Epoch 2/5 | Total Loss: 0.0246 | Components: Recon=0.0060, Perceptual=0.0269, Structural=0.0009, Edge=0.0221, VQ=0.0060
2026-02-25 13:40:14,387 [INFO] Client 1 > Epoch 3/5 | Total Loss: 0.0223 | Components: Recon=0.0065, Perceptual=0.0329, Structural=0.0010, Edge=0.0234, VQ=0.0077
2026-02-25 13:46:39,105 [INFO] Client 1 > Epoch 4/5 | Total Loss: 0.0221 | Components: Recon=0.0059, Perceptual=0.0251, Structural=0.0007, Edge=0.0210, VQ=0.0061
2026-02-25 13:53:03,565 [INFO] Client 1 > Epoch 5/5 | Total Loss: 0.0220 | Components: Recon=0.0070, Perceptual=0.0312, Structural=0.0010, Edge=0.0252, VQ=0.0068
2026-02-25 13:53:03,576 [INFO] --- Training Client 2 ---
2026-02-25 13:57:16,424 [INFO] Client 2 > Epoch 1/5 | Total Loss: 0.1092 | Components: Recon=0.0124, Perceptual=0.0257, Structural=0.0013, Edge=0.0494, VQ=0.0624
2026-02-25 14:01:29,181 [INFO] Client 2 > Epoch 2/5 | Total Loss: 0.0536 | Components: Recon=0.0178, Perceptual=0.0392, Structural=0.0020, Edge=0.0696, VQ=0.0453
2026-02-25 14:05:41,868 [INFO] Client 2 > Epoch 3/5 | Total Loss: 0.0526 | Components: Recon=0.0166, Perceptual=0.0361, Structural=0.0018, Edge=0.0654, VQ=0.0320
2026-02-25 14:09:54,756 [INFO] Client 2 > Epoch 4/5 | Total Loss: 0.0519 | Components: Recon=0.0124, Perceptual=0.0267, Structural=0.0015, Edge=0.0467, VQ=0.0292
2026-02-25 14:14:07,023 [INFO] Client 2 > Epoch 5/5 | Total Loss: 0.0512 | Components: Recon=0.0148, Perceptual=0.0333, Structural=0.0016, Edge=0.0582, VQ=0.0399
2026-02-25 14:14:07,033 [INFO] --- Training Client 3 ---
2026-02-25 14:19:38,178 [INFO] Client 3 > Epoch 1/5 | Total Loss: 0.0461 | Components: Recon=0.0115, Perceptual=0.0283, Structural=0.0017, Edge=0.0464, VQ=0.0254
2026-02-25 14:25:08,769 [INFO] Client 3 > Epoch 2/5 | Total Loss: 0.0379 | Components: Recon=0.0075, Perceptual=0.0185, Structural=0.0012, Edge=0.0284, VQ=0.0134
2026-02-25 14:30:39,386 [INFO] Client 3 > Epoch 3/5 | Total Loss: 0.0370 | Components: Recon=0.0139, Perceptual=0.0429, Structural=0.0025, Edge=0.0555, VQ=0.0141
2026-02-25 14:36:10,596 [INFO] Client 3 > Epoch 4/5 | Total Loss: 0.0366 | Components: Recon=0.0119, Perceptual=0.0302, Structural=0.0018, Edge=0.0462, VQ=0.0136
2026-02-25 14:41:41,568 [INFO] Client 3 > Epoch 5/5 | Total Loss: 0.0364 | Components: Recon=0.0117, Perceptual=0.0362, Structural=0.0024, Edge=0.0442, VQ=0.0070
2026-02-25 14:41:41,582 [INFO] --- Server Aggregating Client Updates ---
2026-02-25 14:41:41,582 [INFO] Using Distribution-Aware Aggregation (FedMSR)
2026-02-25 14:41:41,594 [INFO] Distribution-Aware Aggregation Weights:
2026-02-25 14:41:41,594 [INFO] Client 0: weight=0.2569
2026-02-25 14:41:41,594 [INFO] Client 1: weight=0.2711
2026-02-25 14:41:41,594 [INFO] Client 2: weight=0.2210
2026-02-25 14:41:41,594 [INFO] Client 3: weight=0.2509
2026-02-25 14:41:41,610 [INFO] --- Validating Models Post-Aggregation ---
2026-02-25 14:41:59,923 [WARNING] Client 0: FID computed on only 1710 samples. Results may be statistically unreliable (need 2000+).
2026-02-25 14:42:02,488 [INFO] Client 0 Validation: PSNR=39.4699, SSIM=0.9734, LPIPS=0.0537, MSE=0.0001, FID=7.7505, Loss=0.0310
2026-02-25 14:42:22,835 [WARNING] Client 1: FID computed on only 1894 samples. Results may be statistically unreliable (need 2000+).
2026-02-25 14:42:25,169 [INFO] Client 1 Validation: PSNR=43.1535, SSIM=0.9782, LPIPS=0.0513, MSE=0.0000, FID=6.4091, Loss=0.0226
2026-02-25 14:42:39,074 [WARNING] Client 2: FID computed on only 1244 samples. Results may be statistically unreliable (need 2000+).
2026-02-25 14:42:50,357 [INFO] Client 2 Validation: PSNR=34.3202, SSIM=0.9687, LPIPS=0.0385, MSE=0.0004, FID=14.1449, Loss=0.0406
2026-02-25 14:43:08,016 [WARNING] Client 3: FID computed on only 1632 samples. Results may be statistically unreliable (need 2000+).
2026-02-25 14:43:10,493 [INFO] Client 3 Validation: PSNR=36.6141, SSIM=0.9697, LPIPS=0.0340, MSE=0.0002, FID=8.3364, Loss=0.0294
2026-02-25 14:43:10,493 [INFO] Global Average Validation: PSNR=38.3894, SSIM=0.9725, LPIPS=0.0444, MSE=0.000193, FID=9.1602, Loss=0.0309
2026-02-25 14:43:10,493 [INFO] New best validation PSNR: 38.3894 dB (SSIM=0.9725). Saving model state.
2026-02-25 14:43:10,655 [INFO] Saved best decoder for client 0
2026-02-25 14:43:10,766 [INFO] Saved best decoder for client 1
2026-02-25 14:43:10,862 [INFO] Saved best decoder for client 2
2026-02-25 14:43:10,955 [INFO] Saved best decoder for client 3
2026-02-25 14:43:10,957 [INFO] Client 0 Codebook Vitality | Top: active=1024, dead=0, entropy=5.999 | Bottom: active=1024, dead=0, entropy=5.944
2026-02-25 14:43:10,958 [INFO] Client 1 Codebook Vitality | Top: active=1024, dead=0, entropy=5.506 | Bottom: active=1024, dead=0, entropy=5.859
2026-02-25 14:43:10,958 [INFO] Client 2 Codebook Vitality | Top: active=1024, dead=0, entropy=4.470 | Bottom: active=1024, dead=0, entropy=5.152
2026-02-25 14:43:10,958 [INFO] Client 3 Codebook Vitality | Top: active=1024, dead=0, entropy=4.679 | Bottom: active=1024, dead=0, entropy=5.583
2026-02-25 14:43:11,034 [INFO] --- Evaluating Models Post-Aggregation ---
2026-02-25 14:43:11,587 [INFO] Client 0 Test Loss Components (1st batch): Recon=0.0109, Perceptual=0.0501, Structural=0.0016, VQ=0.0120
2026-02-25 14:43:29,406 [WARNING] Client 0: FID computed on only 1711 samples. Results may be statistically unreliable (need 2000+).
2026-02-25 14:43:31,792 [INFO] Client 0 Metrics: PSNR=39.5833, SSIM=0.9738, LPIPS=0.0530, MSE=0.000123, FID=7.8277, Loss=0.0305
2026-02-25 14:43:32,330 [INFO] Client 1 Test Loss Components (1st batch): Recon=0.0083, Perceptual=0.0604, Structural=0.0017, VQ=0.0127
2026-02-25 14:43:52,136 [WARNING] Client 1: FID computed on only 1895 samples. Results may be statistically unreliable (need 2000+).
2026-02-25 14:43:54,540 [INFO] Client 1 Metrics: PSNR=43.1542, SSIM=0.9779, LPIPS=0.0515, MSE=0.000049, FID=6.5962, Loss=0.0227
2026-02-25 14:43:55,077 [INFO] Client 2 Test Loss Components (1st batch): Recon=0.0178, Perceptual=0.0405, Structural=0.0021, VQ=0.0246
2026-02-25 14:44:08,150 [WARNING] Client 2: FID computed on only 1246 samples. Results may be statistically unreliable (need 2000+).
2026-02-25 14:44:18,007 [INFO] Client 2 Metrics: PSNR=34.3290, SSIM=0.9688, LPIPS=0.0383, MSE=0.000373, FID=14.2639, Loss=0.0406
2026-02-25 14:44:18,789 [INFO] Client 3 Test Loss Components (1st batch): Recon=0.0135, Perceptual=0.0422, Structural=0.0023, VQ=0.0265
2026-02-25 14:44:35,960 [WARNING] Client 3: FID computed on only 1633 samples. Results may be statistically unreliable (need 2000+).
2026-02-25 14:44:38,355 [INFO] Client 3 Metrics: PSNR=36.7112, SSIM=0.9703, LPIPS=0.0336, MSE=0.000218, FID=8.1147, Loss=0.0291
2026-02-25 14:44:38,355 [INFO] Global Average Metrics: PSNR=38.4444, SSIM=0.9727, LPIPS=0.0441, MSE=0.000191, FID=9.2006, Loss=0.0307
2026-02-25 14:44:38,850 [INFO] Metrics plot saved to: FedMedSR_results/FedMedSR/round_10/metrics_plot.png
2026-02-25 14:44:38,871 [INFO] ========== Starting Round 11/30 ==========
2026-02-25 14:44:38,872 [INFO] --- Training Client 0 ---
2026-02-25 14:50:25,929 [INFO] Client 0 > Epoch 1/5 | Total Loss: 0.0431 | Components: Recon=0.0104, Perceptual=0.0389, Structural=0.0014, Edge=0.0402, VQ=0.0177
2026-02-25 14:56:12,883 [INFO] Client 0 > Epoch 2/5 | Total Loss: 0.0385 | Components: Recon=0.0096, Perceptual=0.0360, Structural=0.0016, Edge=0.0373, VQ=0.0162
2026-02-25 15:02:00,043 [INFO] Client 0 > Epoch 3/5 | Total Loss: 0.0354 | Components: Recon=0.0108, Perceptual=0.0429, Structural=0.0015, Edge=0.0412, VQ=0.0219
2026-02-25 15:07:47,016 [INFO] Client 0 > Epoch 4/5 | Total Loss: 0.0350 | Components: Recon=0.0105, Perceptual=0.0400, Structural=0.0000, Edge=0.0413, VQ=0.0223
2026-02-25 15:13:34,061 [INFO] Client 0 > Epoch 5/5 | Total Loss: 0.0349 | Components: Recon=0.0101, Perceptual=0.0417, Structural=0.0015, Edge=0.0390, VQ=0.0153
2026-02-25 15:13:34,073 [INFO] --- Training Client 1 ---
2026-02-25 15:19:58,217 [INFO] Client 1 > Epoch 1/5 | Total Loss: 0.0344 | Components: Recon=0.0061, Perceptual=0.0268, Structural=0.0011, Edge=0.0214, VQ=0.0059
2026-02-25 15:26:23,721 [INFO] Client 1 > Epoch 2/5 | Total Loss: 0.0234 | Components: Recon=0.0066, Perceptual=0.0315, Structural=0.0010, Edge=0.0236, VQ=0.0062
2026-02-25 15:32:48,185 [INFO] Client 1 > Epoch 3/5 | Total Loss: 0.0221 | Components: Recon=0.0070, Perceptual=0.0295, Structural=0.0010, Edge=0.0258, VQ=0.0065
2026-02-25 15:39:12,929 [INFO] Client 1 > Epoch 4/5 | Total Loss: 0.0219 | Components: Recon=0.0054, Perceptual=0.0237, Structural=0.0011, Edge=0.0194, VQ=0.0052
2026-02-25 15:45:36,728 [INFO] Client 1 > Epoch 5/5 | Total Loss: 0.0218 | Components: Recon=0.0070, Perceptual=0.0295, Structural=0.0012, Edge=0.0257, VQ=0.0073
2026-02-25 15:45:36,746 [INFO] --- Training Client 2 ---
2026-02-25 15:49:49,603 [INFO] Client 2 > Epoch 1/5 | Total Loss: 0.0600 | Components: Recon=0.0127, Perceptual=0.0282, Structural=0.0016, Edge=0.0481, VQ=0.0259
2026-02-25 15:54:02,644 [INFO] Client 2 > Epoch 2/5 | Total Loss: 0.0538 | Components: Recon=0.0141, Perceptual=0.0306, Structural=0.0017, Edge=0.0535, VQ=0.0277
2026-02-25 15:58:14,154 [INFO] Client 2 > Epoch 3/5 | Total Loss: 0.0525 | Components: Recon=0.0142, Perceptual=0.0301, Structural=0.0015, Edge=0.0538, VQ=0.0232
2026-02-25 16:02:26,861 [INFO] Client 2 > Epoch 4/5 | Total Loss: 0.0512 | Components: Recon=0.0144, Perceptual=0.0337, Structural=0.0018, Edge=0.0535, VQ=0.0179
2026-02-25 16:06:38,980 [INFO] Client 2 > Epoch 5/5 | Total Loss: 0.0509 | Components: Recon=0.0167, Perceptual=0.0352, Structural=0.0018, Edge=0.0651, VQ=0.0526
2026-02-25 16:06:38,991 [INFO] --- Training Client 3 ---
2026-02-25 16:12:09,760 [INFO] Client 3 > Epoch 1/5 | Total Loss: 0.0515 | Components: Recon=0.0107, Perceptual=0.0278, Structural=0.0020, Edge=0.0416, VQ=0.0132
2026-02-25 16:17:40,621 [INFO] Client 3 > Epoch 2/5 | Total Loss: 0.0378 | Components: Recon=0.0092, Perceptual=0.0230, Structural=0.0013, Edge=0.0351, VQ=0.0100
2026-02-25 16:23:11,419 [INFO] Client 3 > Epoch 3/5 | Total Loss: 0.0368 | Components: Recon=0.0143, Perceptual=0.0403, Structural=0.0025, Edge=0.0559, VQ=0.0115
2026-02-25 16:28:42,134 [INFO] Client 3 > Epoch 4/5 | Total Loss: 0.0365 | Components: Recon=0.0144, Perceptual=0.0340, Structural=0.0022, Edge=0.0557, VQ=0.0184
2026-02-25 16:34:12,676 [INFO] Client 3 > Epoch 5/5 | Total Loss: 0.0363 | Components: Recon=0.0114, Perceptual=0.0311, Structural=0.0017, Edge=0.0441, VQ=0.0118
2026-02-25 16:34:12,693 [INFO] --- Server Aggregating Client Updates ---
2026-02-25 16:34:12,693 [INFO] Using Distribution-Aware Aggregation (FedMSR)
2026-02-25 16:34:12,727 [INFO] Distribution-Aware Aggregation Weights:
2026-02-25 16:34:12,727 [INFO] Client 0: weight=0.2569
2026-02-25 16:34:12,727 [INFO] Client 1: weight=0.2711
2026-02-25 16:34:12,727 [INFO] Client 2: weight=0.2210
2026-02-25 16:34:12,727 [INFO] Client 3: weight=0.2509
2026-02-25 16:34:12,743 [INFO] --- Validating Models Post-Aggregation ---
2026-02-25 16:34:31,186 [WARNING] Client 0: FID computed on only 1710 samples. Results may be statistically unreliable (need 2000+).
2026-02-25 16:34:33,702 [INFO] Client 0 Validation: PSNR=39.5462, SSIM=0.9740, LPIPS=0.0528, MSE=0.0001, FID=7.6968, Loss=0.0304
2026-02-25 16:34:54,457 [WARNING] Client 1: FID computed on only 1894 samples. Results may be statistically unreliable (need 2000+).
2026-02-25 16:34:57,024 [INFO] Client 1 Validation: PSNR=43.5516, SSIM=0.9770, LPIPS=0.0471, MSE=0.0000, FID=6.0458, Loss=0.0217
2026-02-25 16:35:10,829 [WARNING] Client 2: FID computed on only 1244 samples. Results may be statistically unreliable (need 2000+).
2026-02-25 16:35:20,599 [INFO] Client 2 Validation: PSNR=34.3965, SSIM=0.9691, LPIPS=0.0382, MSE=0.0004, FID=14.1150, Loss=0.0399
2026-02-25 16:35:38,464 [WARNING] Client 3: FID computed on only 1632 samples. Results may be statistically unreliable (need 2000+).
2026-02-25 16:35:40,894 [INFO] Client 3 Validation: PSNR=36.6247, SSIM=0.9697, LPIPS=0.0339, MSE=0.0002, FID=8.3483, Loss=0.0290
2026-02-25 16:35:40,895 [INFO] Global Average Validation: PSNR=38.5298, SSIM=0.9724, LPIPS=0.0430, MSE=0.000190, FID=9.0515, Loss=0.0303
2026-02-25 16:35:40,895 [INFO] New best validation PSNR: 38.5298 dB (SSIM=0.9724). Saving model state.
2026-02-25 16:35:41,058 [INFO] Saved best decoder for client 0
2026-02-25 16:35:41,158 [INFO] Saved best decoder for client 1
2026-02-25 16:35:41,254 [INFO] Saved best decoder for client 2
2026-02-25 16:35:41,349 [INFO] Saved best decoder for client 3
2026-02-25 16:35:41,352 [INFO] Client 0 Codebook Vitality | Top: active=1024, dead=0, entropy=5.968 | Bottom: active=1024, dead=0, entropy=6.356
2026-02-25 16:35:41,353 [INFO] Client 1 Codebook Vitality | Top: active=1024, dead=0, entropy=5.257 | Bottom: active=1024, dead=0, entropy=6.147
2026-02-25 16:35:41,353 [INFO] Client 2 Codebook Vitality | Top: active=1024, dead=0, entropy=4.742 | Bottom: active=1024, dead=0, entropy=5.421
2026-02-25 16:35:41,353 [INFO] Client 3 Codebook Vitality | Top: active=1024, dead=0, entropy=4.582 | Bottom: active=1024, dead=0, entropy=5.295
2026-02-25 16:35:41,444 [INFO] --- Evaluating Models Post-Aggregation ---
2026-02-25 16:35:41,995 [INFO] Client 0 Test Loss Components (1st batch): Recon=0.0108, Perceptual=0.0495, Structural=0.0016, VQ=0.0081
2026-02-25 16:36:00,710 [WARNING] Client 0: FID computed on only 1711 samples. Results may be statistically unreliable (need 2000+).
2026-02-25 16:36:03,079 [INFO] Client 0 Metrics: PSNR=39.6560, SSIM=0.9743, LPIPS=0.0522, MSE=0.000121, FID=7.7795, Loss=0.0299
2026-02-25 16:36:03,628 [INFO] Client 1 Test Loss Components (1st batch): Recon=0.0077, Perceptual=0.0503, Structural=0.0017, VQ=0.0083
2026-02-25 16:36:23,468 [WARNING] Client 1: FID computed on only 1895 samples. Results may be statistically unreliable (need 2000+).
2026-02-25 16:36:25,953 [INFO] Client 1 Metrics: PSNR=43.5593, SSIM=0.9773, LPIPS=0.0470, MSE=0.000044, FID=6.1836, Loss=0.0217
2026-02-25 16:36:26,581 [INFO] Client 2 Test Loss Components (1st batch): Recon=0.0177, Perceptual=0.0404, Structural=0.0021, VQ=0.0190
2026-02-25 16:36:39,692 [WARNING] Client 2: FID computed on only 1246 samples. Results may be statistically unreliable (need 2000+).
2026-02-25 16:36:49,709 [INFO] Client 2 Metrics: PSNR=34.4072, SSIM=0.9692, LPIPS=0.0380, MSE=0.000366, FID=14.2565, Loss=0.0398
2026-02-25 16:36:50,509 [INFO] Client 3 Test Loss Components (1st batch): Recon=0.0135, Perceptual=0.0423, Structural=0.0024, VQ=0.0207
2026-02-25 16:37:07,633 [WARNING] Client 3: FID computed on only 1633 samples. Results may be statistically unreliable (need 2000+).
2026-02-25 16:37:09,947 [INFO] Client 3 Metrics: PSNR=36.7250, SSIM=0.9703, LPIPS=0.0336, MSE=0.000217, FID=8.1496, Loss=0.0287
2026-02-25 16:37:09,947 [INFO] Global Average Metrics: PSNR=38.5869, SSIM=0.9728, LPIPS=0.0427, MSE=0.000187, FID=9.0923, Loss=0.0300
2026-02-25 16:37:10,691 [INFO] Metrics plot saved to: FedMedSR_results/FedMedSR/round_11/metrics_plot.png
2026-02-25 16:37:10,713 [INFO] ========== Starting Round 12/30 ==========
2026-02-25 16:37:10,714 [INFO] --- Training Client 0 ---
2026-02-25 16:42:57,013 [INFO] Client 0 > Epoch 1/5 | Total Loss: 0.0444 | Components: Recon=0.0118, Perceptual=0.0446, Structural=0.0019, Edge=0.0449, VQ=0.0249
2026-02-25 16:48:43,834 [INFO] Client 0 > Epoch 2/5 | Total Loss: 0.0410 | Components: Recon=0.0092, Perceptual=0.0354, Structural=0.0014, Edge=0.0353, VQ=0.0142
2026-02-25 16:54:30,659 [INFO] Client 0 > Epoch 3/5 | Total Loss: 0.0352 | Components: Recon=0.0092, Perceptual=0.0362, Structural=0.0014, Edge=0.0362, VQ=0.0139
2026-02-25 17:00:17,399 [INFO] Client 0 > Epoch 4/5 | Total Loss: 0.0349 | Components: Recon=0.0090, Perceptual=0.0384, Structural=0.0012, Edge=0.0339, VQ=0.0156
2026-02-25 17:06:04,068 [INFO] Client 0 > Epoch 5/5 | Total Loss: 0.0347 | Components: Recon=0.0080, Perceptual=0.0335, Structural=0.0014, Edge=0.0318, VQ=0.0146
2026-02-25 17:06:04,084 [INFO] --- Training Client 1 ---
2026-02-25 17:12:28,469 [INFO] Client 1 > Epoch 1/5 | Total Loss: 0.0290 | Components: Recon=0.0066, Perceptual=0.0304, Structural=0.0010, Edge=0.0236, VQ=0.0100
2026-02-25 17:18:52,406 [INFO] Client 1 > Epoch 2/5 | Total Loss: 0.0227 | Components: Recon=0.0060, Perceptual=0.0252, Structural=0.0009, Edge=0.0217, VQ=0.0066
2026-02-25 17:25:17,171 [INFO] Client 1 > Epoch 3/5 | Total Loss: 0.0220 | Components: Recon=0.0061, Perceptual=0.0284, Structural=0.0011, Edge=0.0216, VQ=0.0057
2026-02-25 17:31:41,266 [INFO] Client 1 > Epoch 4/5 | Total Loss: 0.0218 | Components: Recon=0.0064, Perceptual=0.0256, Structural=0.0011, Edge=0.0236, VQ=0.0072
2026-02-25 17:38:05,487 [INFO] Client 1 > Epoch 5/5 | Total Loss: 0.0217 | Components: Recon=0.0063, Perceptual=0.0275, Structural=0.0011, Edge=0.0229, VQ=0.0060
2026-02-25 17:38:05,504 [INFO] --- Training Client 2 ---
2026-02-25 17:42:17,655 [INFO] Client 2 > Epoch 1/5 | Total Loss: 0.0595 | Components: Recon=0.0138, Perceptual=0.0285, Structural=0.0014, Edge=0.0533, VQ=0.0535
2026-02-25 17:46:29,940 [INFO] Client 2 > Epoch 2/5 | Total Loss: 0.0527 | Components: Recon=0.0147, Perceptual=0.0331, Structural=0.0017, Edge=0.0550, VQ=0.0218
2026-02-25 17:50:42,208 [INFO] Client 2 > Epoch 3/5 | Total Loss: 0.0511 | Components: Recon=0.0150, Perceptual=0.0307, Structural=0.0014, Edge=0.0584, VQ=0.0652
2026-02-25 17:54:54,926 [INFO] Client 2 > Epoch 4/5 | Total Loss: 0.0507 | Components: Recon=0.0144, Perceptual=0.0308, Structural=0.0015, Edge=0.0549, VQ=0.0379
2026-02-25 17:59:07,588 [INFO] Client 2 > Epoch 5/5 | Total Loss: 0.0504 | Components: Recon=0.0161, Perceptual=0.0353, Structural=0.0018, Edge=0.0622, VQ=0.0491
2026-02-25 17:59:07,604 [INFO] --- Training Client 3 ---
2026-02-25 18:04:38,145 [INFO] Client 3 > Epoch 1/5 | Total Loss: 0.0587 | Components: Recon=0.0115, Perceptual=0.0255, Structural=0.0015, Edge=0.0461, VQ=0.0196
2026-02-25 18:10:08,486 [INFO] Client 3 > Epoch 2/5 | Total Loss: 0.0384 | Components: Recon=0.0119, Perceptual=0.0313, Structural=0.0018, Edge=0.0476, VQ=0.0190
2026-02-25 18:15:38,655 [INFO] Client 3 > Epoch 3/5 | Total Loss: 0.0370 | Components: Recon=0.0118, Perceptual=0.0336, Structural=0.0020, Edge=0.0459, VQ=0.0122
2026-02-25 18:21:09,173 [INFO] Client 3 > Epoch 4/5 | Total Loss: 0.0365 | Components: Recon=0.0112, Perceptual=0.0307, Structural=0.0021, Edge=0.0426, VQ=0.0140
2026-02-25 18:26:39,741 [INFO] Client 3 > Epoch 5/5 | Total Loss: 0.0364 | Components: Recon=0.0081, Perceptual=0.0194, Structural=0.0011, Edge=0.0296, VQ=0.0108
2026-02-25 18:26:39,758 [INFO] --- Server Aggregating Client Updates ---
2026-02-25 18:26:39,758 [INFO] Using Distribution-Aware Aggregation (FedMSR)
2026-02-25 18:26:39,763 [INFO] Distribution-Aware Aggregation Weights:
2026-02-25 18:26:39,763 [INFO] Client 0: weight=0.2569
2026-02-25 18:26:39,763 [INFO] Client 1: weight=0.2711
2026-02-25 18:26:39,763 [INFO] Client 2: weight=0.2210
2026-02-25 18:26:39,763 [INFO] Client 3: weight=0.2509
2026-02-25 18:26:39,784 [INFO] --- Validating Models Post-Aggregation ---
2026-02-25 18:26:58,254 [WARNING] Client 0: FID computed on only 1710 samples. Results may be statistically unreliable (need 2000+).
2026-02-25 18:27:01,094 [INFO] Client 0 Validation: PSNR=39.6385, SSIM=0.9741, LPIPS=0.0519, MSE=0.0001, FID=7.5761, Loss=0.0306
2026-02-25 18:27:21,396 [WARNING] Client 1: FID computed on only 1894 samples. Results may be statistically unreliable (need 2000+).
2026-02-25 18:27:23,852 [INFO] Client 1 Validation: PSNR=43.9006, SSIM=0.9825, LPIPS=0.0430, MSE=0.0000, FID=5.7008, Loss=0.0208
2026-02-25 18:27:37,532 [WARNING] Client 2: FID computed on only 1244 samples. Results may be statistically unreliable (need 2000+).
2026-02-25 18:27:48,852 [INFO] Client 2 Validation: PSNR=34.5261, SSIM=0.9695, LPIPS=0.0378, MSE=0.0004, FID=14.1269, Loss=0.0396
2026-02-25 18:28:06,858 [WARNING] Client 3: FID computed on only 1632 samples. Results may be statistically unreliable (need 2000+).
2026-02-25 18:28:09,287 [INFO] Client 3 Validation: PSNR=36.6501, SSIM=0.9697, LPIPS=0.0333, MSE=0.0002, FID=8.1538, Loss=0.0291
2026-02-25 18:28:09,287 [INFO] Global Average Validation: PSNR=38.6788, SSIM=0.9739, LPIPS=0.0415, MSE=0.000185, FID=8.8894, Loss=0.0300
2026-02-25 18:28:09,287 [INFO] New best validation PSNR: 38.6788 dB (SSIM=0.9739). Saving model state.
2026-02-25 18:28:09,421 [INFO] Saved best decoder for client 0
2026-02-25 18:28:09,519 [INFO] Saved best decoder for client 1
2026-02-25 18:28:09,613 [INFO] Saved best decoder for client 2
2026-02-25 18:28:09,710 [INFO] Saved best decoder for client 3
2026-02-25 18:28:09,713 [INFO] Client 0 Codebook Vitality | Top: active=1024, dead=0, entropy=5.918 | Bottom: active=1024, dead=0, entropy=2.844
2026-02-25 18:28:09,714 [INFO] Client 1 Codebook Vitality | Top: active=1024, dead=0, entropy=5.551 | Bottom: active=1024, dead=0, entropy=3.300
2026-02-25 18:28:09,714 [INFO] Client 2 Codebook Vitality | Top: active=1024, dead=0, entropy=4.840 | Bottom: active=1024, dead=0, entropy=4.063
2026-02-25 18:28:09,714 [INFO] Client 3 Codebook Vitality | Top: active=1024, dead=0, entropy=4.428 | Bottom: active=1024, dead=0, entropy=3.268
2026-02-25 18:28:09,794 [INFO] --- Evaluating Models Post-Aggregation ---
2026-02-25 18:28:10,389 [INFO] Client 0 Test Loss Components (1st batch): Recon=0.0107, Perceptual=0.0484, Structural=0.0015, VQ=0.0158
2026-02-25 18:28:28,515 [WARNING] Client 0: FID computed on only 1711 samples. Results may be statistically unreliable (need 2000+).
2026-02-25 18:28:31,381 [INFO] Client 0 Metrics: PSNR=39.7545, SSIM=0.9744, LPIPS=0.0512, MSE=0.000118, FID=7.6559, Loss=0.0301
2026-02-25 18:28:31,924 [INFO] Client 1 Test Loss Components (1st batch): Recon=0.0072, Perceptual=0.0423, Structural=0.0014, VQ=0.0156
2026-02-25 18:28:51,913 [WARNING] Client 1: FID computed on only 1895 samples. Results may be statistically unreliable (need 2000+).
2026-02-25 18:28:54,425 [INFO] Client 1 Metrics: PSNR=43.9127, SSIM=0.9827, LPIPS=0.0430, MSE=0.000041, FID=5.8878, Loss=0.0207
2026-02-25 18:28:54,968 [INFO] Client 2 Test Loss Components (1st batch): Recon=0.0175, Perceptual=0.0403, Structural=0.0021, VQ=0.0232
2026-02-25 18:29:08,097 [WARNING] Client 2: FID computed on only 1246 samples. Results may be statistically unreliable (need 2000+).
2026-02-25 18:29:15,760 [INFO] Client 2 Metrics: PSNR=34.5415, SSIM=0.9697, LPIPS=0.0376, MSE=0.000355, FID=14.3342, Loss=0.0394
2026-02-25 18:29:16,532 [INFO] Client 3 Test Loss Components (1st batch): Recon=0.0134, Perceptual=0.0414, Structural=0.0024, VQ=0.0267
2026-02-25 18:29:33,855 [WARNING] Client 3: FID computed on only 1633 samples. Results may be statistically unreliable (need 2000+).
2026-02-25 18:29:36,330 [INFO] Client 3 Metrics: PSNR=36.7484, SSIM=0.9703, LPIPS=0.0329, MSE=0.000216, FID=7.9654, Loss=0.0288
2026-02-25 18:29:36,330 [INFO] Global Average Metrics: PSNR=38.7393, SSIM=0.9743, LPIPS=0.0412, MSE=0.000183, FID=8.9609, Loss=0.0298
2026-02-25 18:29:36,850 [INFO] Metrics plot saved to: FedMedSR_results/FedMedSR/round_12/metrics_plot.png
2026-02-25 18:29:36,871 [INFO] ========== Starting Round 13/30 ==========
2026-02-25 18:29:36,872 [INFO] --- Training Client 0 ---
2026-02-25 18:35:24,337 [INFO] Client 0 > Epoch 1/5 | Total Loss: 0.0690 | Components: Recon=0.0125, Perceptual=0.0522, Structural=0.0020, Edge=0.0454, VQ=0.0330
2026-02-25 18:41:10,856 [INFO] Client 0 > Epoch 2/5 | Total Loss: 0.0363 | Components: Recon=0.0073, Perceptual=0.0292, Structural=0.0012, Edge=0.0292, VQ=0.0113
2026-02-25 18:46:57,014 [INFO] Client 0 > Epoch 3/5 | Total Loss: 0.0349 | Components: Recon=0.0097, Perceptual=0.0351, Structural=0.0015, Edge=0.0373, VQ=0.0145
2026-02-25 18:52:43,194 [INFO] Client 0 > Epoch 4/5 | Total Loss: 0.0346 | Components: Recon=0.0102, Perceptual=0.0431, Structural=0.0017, Edge=0.0389, VQ=0.0133
2026-02-25 18:58:29,297 [INFO] Client 0 > Epoch 5/5 | Total Loss: 0.0345 | Components: Recon=0.0077, Perceptual=0.0280, Structural=0.0010, Edge=0.0310, VQ=0.0147
2026-02-25 18:58:29,321 [INFO] --- Training Client 1 ---
2026-02-25 19:04:52,962 [INFO] Client 1 > Epoch 1/5 | Total Loss: 0.0329 | Components: Recon=0.0061, Perceptual=0.0287, Structural=0.0010, Edge=0.0228, VQ=0.0078
2026-02-25 19:11:16,359 [INFO] Client 1 > Epoch 2/5 | Total Loss: 0.0223 | Components: Recon=0.0069, Perceptual=0.0289, Structural=0.0009, Edge=0.0250, VQ=0.0063
2026-02-25 19:17:40,136 [INFO] Client 1 > Epoch 3/5 | Total Loss: 0.0218 | Components: Recon=0.0066, Perceptual=0.0321, Structural=0.0014, Edge=0.0240, VQ=0.0063
2026-02-25 19:24:04,818 [INFO] Client 1 > Epoch 4/5 | Total Loss: 0.0217 | Components: Recon=0.0058, Perceptual=0.0259, Structural=0.0009, Edge=0.0200, VQ=0.0053
2026-02-25 19:30:29,996 [INFO] Client 1 > Epoch 5/5 | Total Loss: 0.0215 | Components: Recon=0.0059, Perceptual=0.0239, Structural=0.0010, Edge=0.0216, VQ=0.0065
2026-02-25 19:30:30,013 [INFO] --- Training Client 2 ---
2026-02-25 19:34:43,006 [INFO] Client 2 > Epoch 1/5 | Total Loss: 0.0639 | Components: Recon=0.0153, Perceptual=0.0330, Structural=0.0017, Edge=0.0598, VQ=0.2841
2026-02-25 19:38:56,150 [INFO] Client 2 > Epoch 2/5 | Total Loss: 0.0518 | Components: Recon=0.0129, Perceptual=0.0287, Structural=0.0015, Edge=0.0495, VQ=0.0228
2026-02-25 19:43:09,114 [INFO] Client 2 > Epoch 3/5 | Total Loss: 0.0512 | Components: Recon=0.0110, Perceptual=0.0242, Structural=0.0014, Edge=0.0399, VQ=0.0156
2026-02-25 19:47:21,703 [INFO] Client 2 > Epoch 4/5 | Total Loss: 0.0501 | Components: Recon=0.0123, Perceptual=0.0278, Structural=0.0015, Edge=0.0452, VQ=0.0202
2026-02-25 19:51:34,638 [INFO] Client 2 > Epoch 5/5 | Total Loss: 0.0498 | Components: Recon=0.0166, Perceptual=0.0326, Structural=0.0016, Edge=0.0651, VQ=0.0541
2026-02-25 19:51:34,648 [INFO] --- Training Client 3 ---
2026-02-25 19:57:06,395 [INFO] Client 3 > Epoch 1/5 | Total Loss: 0.0567 | Components: Recon=0.0140, Perceptual=0.0382, Structural=0.0027, Edge=0.0558, VQ=0.0260
2026-02-25 20:02:37,495 [INFO] Client 3 > Epoch 2/5 | Total Loss: 0.0377 | Components: Recon=0.0111, Perceptual=0.0302, Structural=0.0016, Edge=0.0446, VQ=0.0203
2026-02-25 20:08:42,793 [INFO] Client 3 > Epoch 3/5 | Total Loss: 0.0370 | Components: Recon=0.0119, Perceptual=0.0348, Structural=0.0020, Edge=0.0463, VQ=0.0150
2026-02-25 20:14:14,218 [INFO] Client 3 > Epoch 4/5 | Total Loss: 0.0364 | Components: Recon=0.0110, Perceptual=0.0273, Structural=0.0017, Edge=0.0421, VQ=0.0196
2026-02-25 20:19:45,026 [INFO] Client 3 > Epoch 5/5 | Total Loss: 0.0362 | Components: Recon=0.0092, Perceptual=0.0234, Structural=0.0014, Edge=0.0350, VQ=0.0121
2026-02-25 20:19:45,036 [INFO] --- Server Aggregating Client Updates ---
2026-02-25 20:19:45,036 [INFO] Using Distribution-Aware Aggregation (FedMSR)
2026-02-25 20:19:45,046 [INFO] Distribution-Aware Aggregation Weights:
2026-02-25 20:19:45,047 [INFO] Client 0: weight=0.2569
2026-02-25 20:19:45,047 [INFO] Client 1: weight=0.2711
2026-02-25 20:19:45,047 [INFO] Client 2: weight=0.2210
2026-02-25 20:19:45,047 [INFO] Client 3: weight=0.2509
2026-02-25 20:19:45,073 [INFO] --- Validating Models Post-Aggregation ---
2026-02-25 20:20:03,411 [WARNING] Client 0: FID computed on only 1710 samples. Results may be statistically unreliable (need 2000+).
2026-02-25 20:20:05,963 [INFO] Client 0 Validation: PSNR=39.7817, SSIM=0.9743, LPIPS=0.0508, MSE=0.0001, FID=7.3197, Loss=0.0302
2026-02-25 20:20:26,340 [WARNING] Client 1: FID computed on only 1894 samples. Results may be statistically unreliable (need 2000+).
2026-02-25 20:20:28,939 [INFO] Client 1 Validation: PSNR=44.1041, SSIM=0.9849, LPIPS=0.0398, MSE=0.0000, FID=5.5263, Loss=0.0198
2026-02-25 20:20:42,721 [WARNING] Client 2: FID computed on only 1244 samples. Results may be statistically unreliable (need 2000+).
2026-02-25 20:20:53,112 [INFO] Client 2 Validation: PSNR=34.5213, SSIM=0.9695, LPIPS=0.0376, MSE=0.0004, FID=13.9781, Loss=0.0398
2026-02-25 20:21:10,787 [WARNING] Client 3: FID computed on only 1632 samples. Results may be statistically unreliable (need 2000+).
2026-02-25 20:21:13,198 [INFO] Client 3 Validation: PSNR=36.6675, SSIM=0.9696, LPIPS=0.0338, MSE=0.0002, FID=8.3625, Loss=0.0293
2026-02-25 20:21:13,199 [INFO] Global Average Validation: PSNR=38.7686, SSIM=0.9746, LPIPS=0.0405, MSE=0.000184, FID=8.7966, Loss=0.0298
2026-02-25 20:21:13,199 [INFO] New best validation PSNR: 38.7686 dB (SSIM=0.9746). Saving model state.
2026-02-25 20:21:13,343 [INFO] Saved best decoder for client 0
2026-02-25 20:21:13,438 [INFO] Saved best decoder for client 1
2026-02-25 20:21:13,530 [INFO] Saved best decoder for client 2
2026-02-25 20:21:13,622 [INFO] Saved best decoder for client 3
2026-02-25 20:21:13,627 [INFO] Client 0 Codebook Vitality | Top: active=1024, dead=0, entropy=6.210 | Bottom: active=1024, dead=0, entropy=6.448
2026-02-25 20:21:13,628 [INFO] Client 1 Codebook Vitality | Top: active=1024, dead=0, entropy=5.734 | Bottom: active=1024, dead=0, entropy=6.119
2026-02-25 20:21:13,628 [INFO] Client 2 Codebook Vitality | Top: active=1024, dead=0, entropy=4.590 | Bottom: active=1024, dead=0, entropy=5.377
2026-02-25 20:21:13,629 [INFO] Client 3 Codebook Vitality | Top: active=1024, dead=0, entropy=4.849 | Bottom: active=1024, dead=0, entropy=5.735
2026-02-25 20:21:13,709 [INFO] --- Evaluating Models Post-Aggregation ---
2026-02-25 20:21:14,241 [INFO] Client 0 Test Loss Components (1st batch): Recon=0.0106, Perceptual=0.0476, Structural=0.0015, VQ=0.0157
2026-02-25 20:21:32,096 [WARNING] Client 0: FID computed on only 1711 samples. Results may be statistically unreliable (need 2000+).
2026-02-25 20:21:34,523 [INFO] Client 0 Metrics: PSNR=39.9023, SSIM=0.9747, LPIPS=0.0501, MSE=0.000115, FID=7.4045, Loss=0.0297
2026-02-25 20:21:35,088 [INFO] Client 1 Test Loss Components (1st batch): Recon=0.0070, Perceptual=0.0391, Structural=0.0014, VQ=0.0154
2026-02-25 20:21:54,846 [WARNING] Client 1: FID computed on only 1895 samples. Results may be statistically unreliable (need 2000+).
2026-02-25 20:21:57,287 [INFO] Client 1 Metrics: PSNR=44.1113, SSIM=0.9849, LPIPS=0.0399, MSE=0.000039, FID=5.7048, Loss=0.0198
2026-02-25 20:21:57,826 [INFO] Client 2 Test Loss Components (1st batch): Recon=0.0174, Perceptual=0.0400, Structural=0.0021, VQ=0.0264
2026-02-25 20:22:10,831 [WARNING] Client 2: FID computed on only 1246 samples. Results may be statistically unreliable (need 2000+).
2026-02-25 20:22:22,130 [INFO] Client 2 Metrics: PSNR=34.5346, SSIM=0.9697, LPIPS=0.0375, MSE=0.000356, FID=14.1034, Loss=0.0397
2026-02-25 20:22:22,937 [INFO] Client 3 Test Loss Components (1st batch): Recon=0.0134, Perceptual=0.0427, Structural=0.0023, VQ=0.0299
2026-02-25 20:22:39,969 [WARNING] Client 3: FID computed on only 1633 samples. Results may be statistically unreliable (need 2000+).
2026-02-25 20:22:42,451 [INFO] Client 3 Metrics: PSNR=36.7647, SSIM=0.9702, LPIPS=0.0335, MSE=0.000215, FID=8.1312, Loss=0.0290
2026-02-25 20:22:42,451 [INFO] Global Average Metrics: PSNR=38.8282, SSIM=0.9749, LPIPS=0.0403, MSE=0.000181, FID=8.8360, Loss=0.0295
2026-02-25 20:22:42,991 [INFO] Metrics plot saved to: FedMedSR_results/FedMedSR/round_13/metrics_plot.png
2026-02-25 20:22:43,013 [INFO] ========== Starting Round 14/30 ==========
2026-02-25 20:22:43,014 [INFO] --- Training Client 0 ---
2026-02-25 20:28:29,440 [INFO] Client 0 > Epoch 1/5 | Total Loss: 0.0444 | Components: Recon=0.0096, Perceptual=0.0363, Structural=0.0016, Edge=0.0359, VQ=0.0254
2026-02-25 20:34:32,161 [INFO] Client 0 > Epoch 2/5 | Total Loss: 0.0352 | Components: Recon=0.0117, Perceptual=0.0435, Structural=0.0023, Edge=0.0439, VQ=0.0220
2026-02-25 20:40:28,765 [INFO] Client 0 > Epoch 3/5 | Total Loss: 0.0403 | Components: Recon=0.0110, Perceptual=0.0439, Structural=0.0019, Edge=0.0422, VQ=0.0166
2026-02-25 20:46:40,272 [INFO] Client 0 > Epoch 4/5 | Total Loss: 0.0345 | Components: Recon=0.0070, Perceptual=0.0282, Structural=0.0011, Edge=0.0281, VQ=0.0119
2026-02-25 20:54:00,738 [INFO] Client 0 > Epoch 5/5 | Total Loss: 0.0344 | Components: Recon=0.0080, Perceptual=0.0297, Structural=0.0010, Edge=0.0313, VQ=0.0142
2026-02-25 20:54:00,748 [INFO] --- Training Client 1 ---
2026-02-25 21:00:25,743 [INFO] Client 1 > Epoch 1/5 | Total Loss: 0.0487 | Components: Recon=0.0065, Perceptual=0.0280, Structural=0.0010, Edge=0.0238, VQ=0.0083
2026-02-25 21:06:49,526 [INFO] Client 1 > Epoch 2/5 | Total Loss: 0.0240 | Components: Recon=0.0072, Perceptual=0.0303, Structural=0.0013, Edge=0.0264, VQ=0.0074
2026-02-25 21:13:18,465 [INFO] Client 1 > Epoch 3/5 | Total Loss: 0.0218 | Components: Recon=0.0064, Perceptual=0.0272, Structural=0.0007, Edge=0.0230, VQ=0.0067
2026-02-25 21:19:59,347 [INFO] Client 1 > Epoch 4/5 | Total Loss: 0.0215 | Components: Recon=0.0046, Perceptual=0.0180, Structural=0.0006, Edge=0.0159, VQ=0.0046
2026-02-25 21:26:22,530 [INFO] Client 1 > Epoch 5/5 | Total Loss: 0.0214 | Components: Recon=0.0068, Perceptual=0.0292, Structural=0.0010, Edge=0.0240, VQ=0.0067
2026-02-25 21:26:22,543 [INFO] --- Training Client 2 ---
2026-02-25 21:30:34,245 [INFO] Client 2 > Epoch 1/5 | Total Loss: 0.0587 | Components: Recon=0.0146, Perceptual=0.0299, Structural=0.0015, Edge=0.0568, VQ=0.0392
2026-02-25 21:34:45,888 [INFO] Client 2 > Epoch 2/5 | Total Loss: 0.0510 | Components: Recon=0.0146, Perceptual=0.0313, Structural=0.0017, Edge=0.0559, VQ=0.0333
2026-02-25 21:38:57,371 [INFO] Client 2 > Epoch 3/5 | Total Loss: 0.0503 | Components: Recon=0.0167, Perceptual=0.0380, Structural=0.0020, Edge=0.0636, VQ=0.0316
2026-02-25 21:43:08,794 [INFO] Client 2 > Epoch 4/5 | Total Loss: 0.0495 | Components: Recon=0.0157, Perceptual=0.0355, Structural=0.0018, Edge=0.0584, VQ=0.0202
2026-02-25 21:47:20,103 [INFO] Client 2 > Epoch 5/5 | Total Loss: 0.0493 | Components: Recon=0.0142, Perceptual=0.0288, Structural=0.0014, Edge=0.0540, VQ=0.0371
2026-02-25 21:47:20,113 [INFO] --- Training Client 3 ---
2026-02-25 21:52:49,924 [INFO] Client 3 > Epoch 1/5 | Total Loss: 0.0511 | Components: Recon=0.0108, Perceptual=0.0273, Structural=0.0016, Edge=0.0415, VQ=0.0311
2026-02-25 21:58:19,196 [INFO] Client 3 > Epoch 2/5 | Total Loss: 0.0373 | Components: Recon=0.0102, Perceptual=0.0282, Structural=0.0017, Edge=0.0397, VQ=0.0193
2026-02-25 22:03:48,775 [INFO] Client 3 > Epoch 3/5 | Total Loss: 0.0365 | Components: Recon=0.0112, Perceptual=0.0272, Structural=0.0017, Edge=0.0431, VQ=0.0218
2026-02-25 22:09:18,169 [INFO] Client 3 > Epoch 4/5 | Total Loss: 0.0362 | Components: Recon=0.0114, Perceptual=0.0312, Structural=0.0021, Edge=0.0437, VQ=0.0146
2026-02-25 22:14:47,629 [INFO] Client 3 > Epoch 5/5 | Total Loss: 0.0361 | Components: Recon=0.0122, Perceptual=0.0300, Structural=0.0019, Edge=0.0466, VQ=0.0253
2026-02-25 22:14:47,641 [INFO] --- Server Aggregating Client Updates ---
2026-02-25 22:14:47,641 [INFO] Using Distribution-Aware Aggregation (FedMSR)
2026-02-25 22:14:47,645 [INFO] Distribution-Aware Aggregation Weights:
2026-02-25 22:14:47,645 [INFO] Client 0: weight=0.2569
2026-02-25 22:14:47,645 [INFO] Client 1: weight=0.2711
2026-02-25 22:14:47,645 [INFO] Client 2: weight=0.2210
2026-02-25 22:14:47,645 [INFO] Client 3: weight=0.2509
2026-02-25 22:14:47,665 [INFO] --- Validating Models Post-Aggregation ---
2026-02-25 22:15:06,012 [WARNING] Client 0: FID computed on only 1710 samples. Results may be statistically unreliable (need 2000+).
2026-02-25 22:15:08,346 [INFO] Client 0 Validation: PSNR=39.7962, SSIM=0.9744, LPIPS=0.0504, MSE=0.0001, FID=7.2867, Loss=0.0298
2026-02-25 22:15:28,593 [WARNING] Client 1: FID computed on only 1894 samples. Results may be statistically unreliable (need 2000+).
2026-02-25 22:15:30,903 [INFO] Client 1 Validation: PSNR=44.2020, SSIM=0.9866, LPIPS=0.0375, MSE=0.0000, FID=5.4792, Loss=0.0189
2026-02-25 22:15:44,445 [WARNING] Client 2: FID computed on only 1244 samples. Results may be statistically unreliable (need 2000+).
2026-02-25 22:15:53,856 [INFO] Client 2 Validation: PSNR=34.5363, SSIM=0.9694, LPIPS=0.0371, MSE=0.0004, FID=13.8522, Loss=0.0394
2026-02-25 22:16:11,512 [WARNING] Client 3: FID computed on only 1632 samples. Results may be statistically unreliable (need 2000+).
2026-02-25 22:16:13,832 [INFO] Client 3 Validation: PSNR=36.6303, SSIM=0.9695, LPIPS=0.0330, MSE=0.0002, FID=8.1327, Loss=0.0291
2026-02-25 22:16:13,832 [INFO] Global Average Validation: PSNR=38.7912, SSIM=0.9750, LPIPS=0.0395, MSE=0.000184, FID=8.6877, Loss=0.0293
2026-02-25 22:16:13,832 [INFO] New best validation PSNR: 38.7912 dB (SSIM=0.9750). Saving model state.
2026-02-25 22:16:13,976 [INFO] Saved best decoder for client 0
2026-02-25 22:16:14,071 [INFO] Saved best decoder for client 1
2026-02-25 22:16:14,165 [INFO] Saved best decoder for client 2
2026-02-25 22:16:14,258 [INFO] Saved best decoder for client 3
2026-02-25 22:16:14,259 [INFO] Client 0 Codebook Vitality | Top: active=1024, dead=0, entropy=6.153 | Bottom: active=1024, dead=0, entropy=6.510
2026-02-25 22:16:14,259 [INFO] Client 1 Codebook Vitality | Top: active=1024, dead=0, entropy=5.489 | Bottom: active=1024, dead=0, entropy=6.014
2026-02-25 22:16:14,259 [INFO] Client 2 Codebook Vitality | Top: active=1024, dead=0, entropy=4.621 | Bottom: active=1024, dead=0, entropy=5.579
2026-02-25 22:16:14,260 [INFO] Client 3 Codebook Vitality | Top: active=1024, dead=0, entropy=4.572 | Bottom: active=1024, dead=0, entropy=5.411
2026-02-25 22:16:14,336 [INFO] --- Evaluating Models Post-Aggregation ---
2026-02-25 22:16:14,861 [INFO] Client 0 Test Loss Components (1st batch): Recon=0.0105, Perceptual=0.0473, Structural=0.0015, VQ=0.0101
2026-02-25 22:16:32,673 [WARNING] Client 0: FID computed on only 1711 samples. Results may be statistically unreliable (need 2000+).
2026-02-25 22:16:35,008 [INFO] Client 0 Metrics: PSNR=39.9155, SSIM=0.9747, LPIPS=0.0497, MSE=0.000114, FID=7.3575, Loss=0.0293
2026-02-25 22:16:35,536 [INFO] Client 1 Test Loss Components (1st batch): Recon=0.0069, Perceptual=0.0377, Structural=0.0015, VQ=0.0101
2026-02-25 22:16:55,298 [WARNING] Client 1: FID computed on only 1895 samples. Results may be statistically unreliable (need 2000+).
2026-02-25 22:16:57,648 [INFO] Client 1 Metrics: PSNR=44.2057, SSIM=0.9865, LPIPS=0.0378, MSE=0.000038, FID=5.6591, Loss=0.0189
2026-02-25 22:16:58,194 [INFO] Client 2 Test Loss Components (1st batch): Recon=0.0174, Perceptual=0.0392, Structural=0.0021, VQ=0.0222
2026-02-25 22:17:11,234 [WARNING] Client 2: FID computed on only 1246 samples. Results may be statistically unreliable (need 2000+).
2026-02-25 22:17:21,780 [INFO] Client 2 Metrics: PSNR=34.5491, SSIM=0.9695, LPIPS=0.0370, MSE=0.000355, FID=13.9951, Loss=0.0393
2026-02-25 22:17:22,556 [INFO] Client 3 Test Loss Components (1st batch): Recon=0.0134, Perceptual=0.0412, Structural=0.0024, VQ=0.0254
2026-02-25 22:17:42,114 [WARNING] Client 3: FID computed on only 1633 samples. Results may be statistically unreliable (need 2000+).
2026-02-25 22:17:44,452 [INFO] Client 3 Metrics: PSNR=36.7310, SSIM=0.9701, LPIPS=0.0327, MSE=0.000217, FID=7.9283, Loss=0.0287
2026-02-25 22:17:44,452 [INFO] Global Average Metrics: PSNR=38.8503, SSIM=0.9752, LPIPS=0.0393, MSE=0.000181, FID=8.7350, Loss=0.0291
2026-02-25 22:17:44,988 [INFO] Metrics plot saved to: FedMedSR_results/FedMedSR/round_14/metrics_plot.png
2026-02-25 22:17:45,010 [INFO] ========== Starting Round 15/30 ==========
2026-02-25 22:17:45,011 [INFO] --- Training Client 0 ---
2026-02-25 22:23:48,519 [INFO] Client 0 > Epoch 1/5 | Total Loss: 0.0441 | Components: Recon=0.0086, Perceptual=0.0339, Structural=0.0013, Edge=0.0337, VQ=0.0137
2026-02-25 22:29:35,442 [INFO] Client 0 > Epoch 2/5 | Total Loss: 0.0351 | Components: Recon=0.0132, Perceptual=0.0439, Structural=0.0023, Edge=0.0525, VQ=0.0192
2026-02-25 22:35:22,671 [INFO] Client 0 > Epoch 3/5 | Total Loss: 0.0346 | Components: Recon=0.0084, Perceptual=0.0367, Structural=0.0015, Edge=0.0325, VQ=0.0131
2026-02-25 22:41:09,362 [INFO] Client 0 > Epoch 4/5 | Total Loss: 0.0344 | Components: Recon=0.0095, Perceptual=0.0371, Structural=0.0011, Edge=0.0400, VQ=0.0156
2026-02-25 22:46:55,616 [INFO] Client 0 > Epoch 5/5 | Total Loss: 0.0342 | Components: Recon=0.0092, Perceptual=0.0373, Structural=0.0014, Edge=0.0345, VQ=0.0152
2026-02-25 22:46:55,624 [INFO] --- Training Client 1 ---
2026-02-25 22:53:18,665 [INFO] Client 1 > Epoch 1/5 | Total Loss: 0.0332 | Components: Recon=0.0057, Perceptual=0.0238, Structural=0.0007, Edge=0.0204, VQ=0.0073
2026-02-25 23:00:13,532 [INFO] Client 1 > Epoch 2/5 | Total Loss: 0.0226 | Components: Recon=0.0052, Perceptual=0.0229, Structural=0.0010, Edge=0.0186, VQ=0.0062
2026-02-25 23:06:53,917 [INFO] Client 1 > Epoch 3/5 | Total Loss: 0.0216 | Components: Recon=0.0054, Perceptual=0.0218, Structural=0.0008, Edge=0.0183, VQ=0.0055
2026-02-25 23:13:17,907 [INFO] Client 1 > Epoch 4/5 | Total Loss: 0.0214 | Components: Recon=0.0064, Perceptual=0.0258, Structural=0.0009, Edge=0.0229, VQ=0.0066
2026-02-25 23:19:41,582 [INFO] Client 1 > Epoch 5/5 | Total Loss: 0.0213 | Components: Recon=0.0066, Perceptual=0.0272, Structural=0.0010, Edge=0.0231, VQ=0.0078
2026-02-25 23:19:41,590 [INFO] --- Training Client 2 ---
2026-02-25 23:23:53,779 [INFO] Client 2 > Epoch 1/5 | Total Loss: 0.0568 | Components: Recon=0.0139, Perceptual=0.0259, Structural=0.0013, Edge=0.0534, VQ=0.0486
2026-02-25 23:28:06,641 [INFO] Client 2 > Epoch 2/5 | Total Loss: 0.0503 | Components: Recon=0.0136, Perceptual=0.0284, Structural=0.0014, Edge=0.0519, VQ=0.0289
2026-02-25 23:32:18,765 [INFO] Client 2 > Epoch 3/5 | Total Loss: 0.0498 | Components: Recon=0.0169, Perceptual=0.0361, Structural=0.0018, Edge=0.0666, VQ=0.0521
2026-02-25 23:36:31,332 [INFO] Client 2 > Epoch 4/5 | Total Loss: 0.0491 | Components: Recon=0.0152, Perceptual=0.0340, Structural=0.0018, Edge=0.0575, VQ=0.0366
2026-02-25 23:40:43,639 [INFO] Client 2 > Epoch 5/5 | Total Loss: 0.0489 | Components: Recon=0.0160, Perceptual=0.0342, Structural=0.0018, Edge=0.0586, VQ=0.0294
2026-02-25 23:40:43,653 [INFO] --- Training Client 3 ---
2026-02-25 23:46:14,473 [INFO] Client 3 > Epoch 1/5 | Total Loss: 0.0566 | Components: Recon=0.0112, Perceptual=0.0282, Structural=0.0019, Edge=0.0447, VQ=0.0252
2026-02-25 23:52:01,636 [INFO] Client 3 > Epoch 2/5 | Total Loss: 0.0375 | Components: Recon=0.0090, Perceptual=0.0255, Structural=0.0016, Edge=0.0343, VQ=0.0120
2026-02-25 23:58:38,950 [INFO] Client 3 > Epoch 3/5 | Total Loss: 0.0370 | Components: Recon=0.0090, Perceptual=0.0230, Structural=0.0012, Edge=0.0345, VQ=0.0164
2026-02-26 00:04:09,907 [INFO] Client 3 > Epoch 4/5 | Total Loss: 0.0362 | Components: Recon=0.0116, Perceptual=0.0293, Structural=0.0017, Edge=0.0455, VQ=0.0228
2026-02-26 00:09:41,451 [INFO] Client 3 > Epoch 5/5 | Total Loss: 0.0360 | Components: Recon=0.0084, Perceptual=0.0202, Structural=0.0011, Edge=0.0326, VQ=0.0179
2026-02-26 00:09:41,464 [INFO] --- Server Aggregating Client Updates ---
2026-02-26 00:09:41,464 [INFO] Using Distribution-Aware Aggregation (FedMSR)
2026-02-26 00:09:41,468 [INFO] Distribution-Aware Aggregation Weights:
2026-02-26 00:09:41,468 [INFO] Client 0: weight=0.2569
2026-02-26 00:09:41,468 [INFO] Client 1: weight=0.2711
2026-02-26 00:09:41,468 [INFO] Client 2: weight=0.2210
2026-02-26 00:09:41,468 [INFO] Client 3: weight=0.2509
2026-02-26 00:09:41,486 [INFO] --- Validating Models Post-Aggregation ---
2026-02-26 00:09:59,749 [WARNING] Client 0: FID computed on only 1710 samples. Results may be statistically unreliable (need 2000+).
2026-02-26 00:10:02,097 [INFO] Client 0 Validation: PSNR=39.9070, SSIM=0.9746, LPIPS=0.0498, MSE=0.0001, FID=7.0990, Loss=0.0294
2026-02-26 00:10:22,271 [WARNING] Client 1: FID computed on only 1894 samples. Results may be statistically unreliable (need 2000+).
2026-02-26 00:10:24,456 [INFO] Client 1 Validation: PSNR=44.2174, SSIM=0.9863, LPIPS=0.0375, MSE=0.0000, FID=5.4084, Loss=0.0188
2026-02-26 00:10:37,936 [WARNING] Client 2: FID computed on only 1244 samples. Results may be statistically unreliable (need 2000+).
2026-02-26 00:10:48,194 [INFO] Client 2 Validation: PSNR=34.4892, SSIM=0.9693, LPIPS=0.0374, MSE=0.0004, FID=13.8202, Loss=0.0393
2026-02-26 00:11:05,826 [WARNING] Client 3: FID computed on only 1632 samples. Results may be statistically unreliable (need 2000+).
2026-02-26 00:11:08,103 [INFO] Client 3 Validation: PSNR=36.6510, SSIM=0.9695, LPIPS=0.0335, MSE=0.0002, FID=8.1403, Loss=0.0289
2026-02-26 00:11:08,103 [INFO] Global Average Validation: PSNR=38.8161, SSIM=0.9749, LPIPS=0.0395, MSE=0.000184, FID=8.6170, Loss=0.0291
2026-02-26 00:11:08,103 [INFO] New best validation PSNR: 38.8161 dB (SSIM=0.9749). Saving model state.
2026-02-26 00:11:08,237 [INFO] Saved best decoder for client 0
2026-02-26 00:11:08,332 [INFO] Saved best decoder for client 1
2026-02-26 00:11:08,425 [INFO] Saved best decoder for client 2
2026-02-26 00:11:08,517 [INFO] Saved best decoder for client 3
2026-02-26 00:11:08,518 [INFO] Client 0 Codebook Vitality | Top: active=1024, dead=0, entropy=6.104 | Bottom: active=1024, dead=0, entropy=6.270
2026-02-26 00:11:08,519 [INFO] Client 1 Codebook Vitality | Top: active=1024, dead=0, entropy=5.673 | Bottom: active=1024, dead=0, entropy=6.428
2026-02-26 00:11:08,519 [INFO] Client 2 Codebook Vitality | Top: active=1024, dead=0, entropy=4.688 | Bottom: active=1024, dead=0, entropy=5.860
2026-02-26 00:11:08,519 [INFO] Client 3 Codebook Vitality | Top: active=1024, dead=0, entropy=4.534 | Bottom: active=1024, dead=0, entropy=5.128
2026-02-26 00:11:08,599 [INFO] --- Evaluating Models Post-Aggregation ---
2026-02-26 00:11:09,126 [INFO] Client 0 Test Loss Components (1st batch): Recon=0.0105, Perceptual=0.0468, Structural=0.0014, VQ=0.0082
2026-02-26 00:11:26,923 [WARNING] Client 0: FID computed on only 1711 samples. Results may be statistically unreliable (need 2000+).
2026-02-26 00:11:29,228 [INFO] Client 0 Metrics: PSNR=40.0288, SSIM=0.9750, LPIPS=0.0491, MSE=0.000112, FID=7.1956, Loss=0.0289
2026-02-26 00:11:29,780 [INFO] Client 1 Test Loss Components (1st batch): Recon=0.0068, Perceptual=0.0377, Structural=0.0014, VQ=0.0075
2026-02-26 00:11:49,511 [WARNING] Client 1: FID computed on only 1895 samples. Results may be statistically unreliable (need 2000+).
2026-02-26 00:11:51,881 [INFO] Client 1 Metrics: PSNR=44.2239, SSIM=0.9863, LPIPS=0.0377, MSE=0.000038, FID=5.5781, Loss=0.0188
2026-02-26 00:11:52,423 [INFO] Client 2 Test Loss Components (1st batch): Recon=0.0175, Perceptual=0.0394, Structural=0.0021, VQ=0.0176
2026-02-26 00:12:05,438 [WARNING] Client 2: FID computed on only 1246 samples. Results may be statistically unreliable (need 2000+).
2026-02-26 00:12:16,058 [INFO] Client 2 Metrics: PSNR=34.5035, SSIM=0.9694, LPIPS=0.0373, MSE=0.000358, FID=13.9562, Loss=0.0392
2026-02-26 00:12:16,833 [INFO] Client 3 Test Loss Components (1st batch): Recon=0.0134, Perceptual=0.0418, Structural=0.0024, VQ=0.0224
2026-02-26 00:12:33,832 [WARNING] Client 3: FID computed on only 1633 samples. Results may be statistically unreliable (need 2000+).
2026-02-26 00:12:36,268 [INFO] Client 3 Metrics: PSNR=36.7463, SSIM=0.9701, LPIPS=0.0331, MSE=0.000216, FID=7.9146, Loss=0.0285
2026-02-26 00:12:36,268 [INFO] Global Average Metrics: PSNR=38.8756, SSIM=0.9752, LPIPS=0.0393, MSE=0.000181, FID=8.6611, Loss=0.0289
2026-02-26 00:12:37,027 [INFO] Metrics plot saved to: FedMedSR_results/FedMedSR/round_15/metrics_plot.png
2026-02-26 00:12:37,048 [INFO] ========== Starting Round 16/30 ==========
2026-02-26 00:12:37,049 [INFO] --- Training Client 0 ---
2026-02-26 00:18:23,788 [INFO] Client 0 > Epoch 1/5 | Total Loss: 0.0439 | Components: Recon=0.0083, Perceptual=0.0310, Structural=0.0012, Edge=0.0323, VQ=0.0138
2026-02-26 00:24:10,892 [INFO] Client 0 > Epoch 2/5 | Total Loss: 0.0349 | Components: Recon=0.0107, Perceptual=0.0427, Structural=0.0020, Edge=0.0385, VQ=0.0164
2026-02-26 00:30:23,544 [INFO] Client 0 > Epoch 3/5 | Total Loss: 0.0345 | Components: Recon=0.0092, Perceptual=0.0387, Structural=0.0019, Edge=0.0377, VQ=0.0129
2026-02-26 00:36:33,409 [INFO] Client 0 > Epoch 4/5 | Total Loss: 0.0342 | Components: Recon=0.0119, Perceptual=0.0381, Structural=0.0004, Edge=0.0465, VQ=0.0248
2026-02-26 00:42:21,387 [INFO] Client 0 > Epoch 5/5 | Total Loss: 0.0341 | Components: Recon=0.0122, Perceptual=0.0458, Structural=0.0018, Edge=0.0456, VQ=0.0315
2026-02-26 00:42:21,398 [INFO] --- Training Client 1 ---
2026-02-26 00:48:46,230 [INFO] Client 1 > Epoch 1/5 | Total Loss: 0.0477 | Components: Recon=0.0069, Perceptual=0.0283, Structural=0.0011, Edge=0.0257, VQ=0.0082
2026-02-26 00:55:10,050 [INFO] Client 1 > Epoch 2/5 | Total Loss: 0.0217 | Components: Recon=0.0066, Perceptual=0.0283, Structural=0.0009, Edge=0.0232, VQ=0.0070
2026-02-26 01:01:33,838 [INFO] Client 1 > Epoch 3/5 | Total Loss: 0.0239 | Components: Recon=0.0068, Perceptual=0.0269, Structural=0.0010, Edge=0.0248, VQ=0.0073
2026-02-26 01:07:57,765 [INFO] Client 1 > Epoch 4/5 | Total Loss: 0.0213 | Components: Recon=0.0056, Perceptual=0.0238, Structural=0.0007, Edge=0.0192, VQ=0.0056
2026-02-26 01:14:20,443 [INFO] Client 1 > Epoch 5/5 | Total Loss: 0.0212 | Components: Recon=0.0065, Perceptual=0.0277, Structural=0.0009, Edge=0.0233, VQ=0.0072
2026-02-26 01:14:20,457 [INFO] --- Training Client 2 ---
2026-02-26 01:18:32,218 [INFO] Client 2 > Epoch 1/5 | Total Loss: 0.0575 | Components: Recon=0.0170, Perceptual=0.0371, Structural=0.0019, Edge=0.0649, VQ=0.0346
2026-02-26 01:22:44,198 [INFO] Client 2 > Epoch 2/5 | Total Loss: 0.0501 | Components: Recon=0.0167, Perceptual=0.0381, Structural=0.0019, Edge=0.0637, VQ=0.0393
2026-02-26 01:26:55,842 [INFO] Client 2 > Epoch 3/5 | Total Loss: 0.0492 | Components: Recon=0.0162, Perceptual=0.0325, Structural=0.0016, Edge=0.0622, VQ=0.0496
2026-02-26 01:31:07,624 [INFO] Client 2 > Epoch 4/5 | Total Loss: 0.0488 | Components: Recon=0.0170, Perceptual=0.0356, Structural=0.0018, Edge=0.0640, VQ=0.0410
2026-02-26 01:35:19,463 [INFO] Client 2 > Epoch 5/5 | Total Loss: 0.0485 | Components: Recon=0.0142, Perceptual=0.0300, Structural=0.0016, Edge=0.0523, VQ=0.0261
2026-02-26 01:35:19,476 [INFO] --- Training Client 3 ---
2026-02-26 01:40:49,289 [INFO] Client 3 > Epoch 1/5 | Total Loss: 0.0586 | Components: Recon=0.0112, Perceptual=0.0270, Structural=0.0019, Edge=0.0429, VQ=0.0289
2026-02-26 01:46:18,675 [INFO] Client 3 > Epoch 2/5 | Total Loss: 0.0371 | Components: Recon=0.0103, Perceptual=0.0241, Structural=0.0016, Edge=0.0401, VQ=0.0180
2026-02-26 01:51:48,459 [INFO] Client 3 > Epoch 3/5 | Total Loss: 0.0364 | Components: Recon=0.0097, Perceptual=0.0261, Structural=0.0016, Edge=0.0367, VQ=0.0189
2026-02-26 01:57:18,740 [INFO] Client 3 > Epoch 4/5 | Total Loss: 0.0360 | Components: Recon=0.0107, Perceptual=0.0287, Structural=0.0015, Edge=0.0425, VQ=0.0188
2026-02-26 02:02:49,835 [INFO] Client 3 > Epoch 5/5 | Total Loss: 0.0358 | Components: Recon=0.0103, Perceptual=0.0280, Structural=0.0019, Edge=0.0381, VQ=0.0158
2026-02-26 02:02:49,846 [INFO] --- Server Aggregating Client Updates ---
2026-02-26 02:02:49,846 [INFO] Using Distribution-Aware Aggregation (FedMSR)
2026-02-26 02:02:49,850 [INFO] Distribution-Aware Aggregation Weights:
2026-02-26 02:02:49,850 [INFO] Client 0: weight=0.2569
2026-02-26 02:02:49,850 [INFO] Client 1: weight=0.2711
2026-02-26 02:02:49,850 [INFO] Client 2: weight=0.2210
2026-02-26 02:02:49,850 [INFO] Client 3: weight=0.2509
2026-02-26 02:02:49,870 [INFO] --- Validating Models Post-Aggregation ---
2026-02-26 02:03:08,566 [WARNING] Client 0: FID computed on only 1710 samples. Results may be statistically unreliable (need 2000+).
2026-02-26 02:03:11,012 [INFO] Client 0 Validation: PSNR=39.9353, SSIM=0.9748, LPIPS=0.0492, MSE=0.0001, FID=6.8325, Loss=0.0295
2026-02-26 02:03:31,698 [WARNING] Client 1: FID computed on only 1894 samples. Results may be statistically unreliable (need 2000+).
2026-02-26 02:03:34,494 [INFO] Client 1 Validation: PSNR=44.3559, SSIM=0.9870, LPIPS=0.0358, MSE=0.0000, FID=5.3447, Loss=0.0186
2026-02-26 02:03:48,272 [WARNING] Client 2: FID computed on only 1244 samples. Results may be statistically unreliable (need 2000+).
2026-02-26 02:03:58,277 [INFO] Client 2 Validation: PSNR=34.5701, SSIM=0.9697, LPIPS=0.0373, MSE=0.0004, FID=13.9381, Loss=0.0392
2026-02-26 02:04:16,278 [WARNING] Client 3: FID computed on only 1632 samples. Results may be statistically unreliable (need 2000+).
2026-02-26 02:04:18,870 [INFO] Client 3 Validation: PSNR=36.6623, SSIM=0.9697, LPIPS=0.0324, MSE=0.0002, FID=7.8427, Loss=0.0290
2026-02-26 02:04:18,870 [INFO] Global Average Validation: PSNR=38.8809, SSIM=0.9753, LPIPS=0.0387, MSE=0.000181, FID=8.4895, Loss=0.0291
2026-02-26 02:04:18,870 [INFO] New best validation PSNR: 38.8809 dB (SSIM=0.9753). Saving model state.
2026-02-26 02:04:19,001 [INFO] Saved best decoder for client 0
2026-02-26 02:04:19,092 [INFO] Saved best decoder for client 1
2026-02-26 02:04:19,183 [INFO] Saved best decoder for client 2
2026-02-26 02:04:19,280 [INFO] Saved best decoder for client 3
2026-02-26 02:04:19,281 [INFO] Client 0 Codebook Vitality | Top: active=1024, dead=0, entropy=6.039 | Bottom: active=1024, dead=0, entropy=5.917
2026-02-26 02:04:19,281 [INFO] Client 1 Codebook Vitality | Top: active=1024, dead=0, entropy=5.531 | Bottom: active=1024, dead=0, entropy=5.491
2026-02-26 02:04:19,282 [INFO] Client 2 Codebook Vitality | Top: active=1021, dead=3, entropy=4.606 | Bottom: active=1024, dead=0, entropy=4.959
2026-02-26 02:04:19,282 [INFO] Client 3 Codebook Vitality | Top: active=1024, dead=0, entropy=4.878 | Bottom: active=1024, dead=0, entropy=5.540
2026-02-26 02:04:19,361 [INFO] --- Evaluating Models Post-Aggregation ---
2026-02-26 02:04:19,987 [INFO] Client 0 Test Loss Components (1st batch): Recon=0.0104, Perceptual=0.0463, Structural=0.0015, VQ=0.0129
2026-02-26 02:04:38,001 [WARNING] Client 0: FID computed on only 1711 samples. Results may be statistically unreliable (need 2000+).
2026-02-26 02:04:40,485 [INFO] Client 0 Metrics: PSNR=40.0591, SSIM=0.9752, LPIPS=0.0485, MSE=0.000111, FID=6.8927, Loss=0.0290
2026-02-26 02:04:41,041 [INFO] Client 1 Test Loss Components (1st batch): Recon=0.0067, Perceptual=0.0363, Structural=0.0014, VQ=0.0120
2026-02-26 02:05:01,077 [WARNING] Client 1: FID computed on only 1895 samples. Results may be statistically unreliable (need 2000+).
2026-02-26 02:05:03,693 [INFO] Client 1 Metrics: PSNR=44.3603, SSIM=0.9870, LPIPS=0.0361, MSE=0.000037, FID=5.5141, Loss=0.0186
2026-02-26 02:05:04,365 [INFO] Client 2 Test Loss Components (1st batch): Recon=0.0174, Perceptual=0.0393, Structural=0.0021, VQ=0.0216
2026-02-26 02:05:17,405 [WARNING] Client 2: FID computed on only 1246 samples. Results may be statistically unreliable (need 2000+).
2026-02-26 02:05:26,236 [INFO] Client 2 Metrics: PSNR=34.5857, SSIM=0.9698, LPIPS=0.0371, MSE=0.000352, FID=14.0414, Loss=0.0391
2026-02-26 02:05:27,069 [INFO] Client 3 Test Loss Components (1st batch): Recon=0.0134, Perceptual=0.0400, Structural=0.0024, VQ=0.0264
2026-02-26 02:05:44,276 [WARNING] Client 3: FID computed on only 1633 samples. Results may be statistically unreliable (need 2000+).
2026-02-26 02:05:46,814 [INFO] Client 3 Metrics: PSNR=36.7596, SSIM=0.9703, LPIPS=0.0322, MSE=0.000216, FID=7.6219, Loss=0.0286
2026-02-26 02:05:46,815 [INFO] Global Average Metrics: PSNR=38.9412, SSIM=0.9755, LPIPS=0.0385, MSE=0.000179, FID=8.5175, Loss=0.0288
2026-02-26 02:05:47,387 [INFO] Metrics plot saved to: FedMedSR_results/FedMedSR/round_16/metrics_plot.png
2026-02-26 02:05:47,410 [INFO] ========== Starting Round 17/30 ==========
2026-02-26 02:05:47,411 [INFO] --- Training Client 0 ---
2026-02-26 02:11:32,876 [INFO] Client 0 > Epoch 1/5 | Total Loss: 0.0471 | Components: Recon=0.0124, Perceptual=0.0445, Structural=0.0022, Edge=0.0464, VQ=0.0266
2026-02-26 02:17:17,609 [INFO] Client 0 > Epoch 2/5 | Total Loss: 0.0356 | Components: Recon=0.0086, Perceptual=0.0331, Structural=0.0011, Edge=0.0333, VQ=0.0127
2026-02-26 02:23:03,040 [INFO] Client 0 > Epoch 3/5 | Total Loss: 0.0344 | Components: Recon=0.0106, Perceptual=0.0429, Structural=0.0019, Edge=0.0404, VQ=0.0166
2026-02-26 02:28:47,765 [INFO] Client 0 > Epoch 4/5 | Total Loss: 0.0341 | Components: Recon=0.0086, Perceptual=0.0298, Structural=0.0015, Edge=0.0338, VQ=0.0155
2026-02-26 02:34:32,685 [INFO] Client 0 > Epoch 5/5 | Total Loss: 0.0340 | Components: Recon=0.0122, Perceptual=0.0431, Structural=0.0017, Edge=0.0472, VQ=0.0221
2026-02-26 02:34:32,698 [INFO] --- Training Client 1 ---
2026-02-26 02:40:54,561 [INFO] Client 1 > Epoch 1/5 | Total Loss: 0.0333 | Components: Recon=0.0059, Perceptual=0.0273, Structural=0.0008, Edge=0.0216, VQ=0.0084
2026-02-26 02:47:17,006 [INFO] Client 1 > Epoch 2/5 | Total Loss: 0.0223 | Components: Recon=0.0071, Perceptual=0.0290, Structural=0.0009, Edge=0.0262, VQ=0.0087
2026-02-26 02:53:39,202 [INFO] Client 1 > Epoch 3/5 | Total Loss: 0.0213 | Components: Recon=0.0055, Perceptual=0.0250, Structural=0.0012, Edge=0.0196, VQ=0.0061
2026-02-26 03:00:02,010 [INFO] Client 1 > Epoch 4/5 | Total Loss: 0.0212 | Components: Recon=0.0064, Perceptual=0.0282, Structural=0.0009, Edge=0.0232, VQ=0.0073
2026-02-26 03:06:25,110 [INFO] Client 1 > Epoch 5/5 | Total Loss: 0.0211 | Components: Recon=0.0054, Perceptual=0.0206, Structural=0.0006, Edge=0.0185, VQ=0.0054
2026-02-26 03:06:25,123 [INFO] --- Training Client 2 ---
2026-02-26 03:10:37,185 [INFO] Client 2 > Epoch 1/5 | Total Loss: 0.0625 | Components: Recon=0.0161, Perceptual=0.0340, Structural=0.0018, Edge=0.0611, VQ=0.0432
2026-02-26 03:14:51,510 [INFO] Client 2 > Epoch 2/5 | Total Loss: 0.0500 | Components: Recon=0.0149, Perceptual=0.0347, Structural=0.0019, Edge=0.0564, VQ=0.0327
2026-02-26 03:19:18,241 [INFO] Client 2 > Epoch 3/5 | Total Loss: 0.0492 | Components: Recon=0.0148, Perceptual=0.0304, Structural=0.0015, Edge=0.0565, VQ=0.0412
2026-02-26 03:23:44,984 [INFO] Client 2 > Epoch 4/5 | Total Loss: 0.0485 | Components: Recon=0.0146, Perceptual=0.0328, Structural=0.0017, Edge=0.0545, VQ=0.0293
2026-02-26 03:28:41,806 [INFO] Client 2 > Epoch 5/5 | Total Loss: 0.0483 | Components: Recon=0.0136, Perceptual=0.0269, Structural=0.0014, Edge=0.0498, VQ=0.0347
2026-02-26 03:28:41,883 [INFO] --- Training Client 3 ---
2026-02-26 03:34:39,719 [INFO] Client 3 > Epoch 1/5 | Total Loss: 0.0446 | Components: Recon=0.0110, Perceptual=0.0332, Structural=0.0017, Edge=0.0427, VQ=0.0320
2026-02-26 03:40:14,702 [INFO] Client 3 > Epoch 2/5 | Total Loss: 0.0368 | Components: Recon=0.0144, Perceptual=0.0501, Structural=0.0029, Edge=0.0566, VQ=0.0174
2026-02-26 03:46:19,043 [INFO] Client 3 > Epoch 3/5 | Total Loss: 0.0366 | Components: Recon=0.0119, Perceptual=0.0295, Structural=0.0019, Edge=0.0461, VQ=0.0231
2026-02-26 03:54:00,757 [INFO] Client 3 > Epoch 4/5 | Total Loss: 0.0358 | Components: Recon=0.0123, Perceptual=0.0385, Structural=0.0021, Edge=0.0482, VQ=0.0134
2026-02-26 04:03:58,617 [INFO] Client 3 > Epoch 5/5 | Total Loss: 0.0357 | Components: Recon=0.0102, Perceptual=0.0254, Structural=0.0017, Edge=0.0393, VQ=0.0139
2026-02-26 04:03:58,639 [INFO] --- Server Aggregating Client Updates ---
2026-02-26 04:03:58,639 [INFO] Using Distribution-Aware Aggregation (FedMSR)
2026-02-26 04:03:58,642 [INFO] Distribution-Aware Aggregation Weights:
2026-02-26 04:03:58,642 [INFO] Client 0: weight=0.2569
2026-02-26 04:03:58,642 [INFO] Client 1: weight=0.2711
2026-02-26 04:03:58,642 [INFO] Client 2: weight=0.2210
2026-02-26 04:03:58,642 [INFO] Client 3: weight=0.2509
2026-02-26 04:03:58,662 [INFO] --- Validating Models Post-Aggregation ---
2026-02-26 04:04:17,038 [WARNING] Client 0: FID computed on only 1710 samples. Results may be statistically unreliable (need 2000+).
2026-02-26 04:04:19,855 [INFO] Client 0 Validation: PSNR=39.9397, SSIM=0.9748, LPIPS=0.0491, MSE=0.0001, FID=6.9354, Loss=0.0292
2026-02-26 04:04:40,073 [WARNING] Client 1: FID computed on only 1894 samples. Results may be statistically unreliable (need 2000+).
2026-02-26 04:04:42,743 [INFO] Client 1 Validation: PSNR=44.3534, SSIM=0.9869, LPIPS=0.0354, MSE=0.0000, FID=5.3206, Loss=0.0183
2026-02-26 04:04:56,262 [WARNING] Client 2: FID computed on only 1244 samples. Results may be statistically unreliable (need 2000+).
2026-02-26 04:05:05,353 [INFO] Client 2 Validation: PSNR=34.5305, SSIM=0.9696, LPIPS=0.0374, MSE=0.0004, FID=13.9304, Loss=0.0391
2026-02-26 04:05:23,254 [WARNING] Client 3: FID computed on only 1632 samples. Results may be statistically unreliable (need 2000+).
2026-02-26 04:05:26,023 [INFO] Client 3 Validation: PSNR=36.6095, SSIM=0.9695, LPIPS=0.0326, MSE=0.0002, FID=7.8778, Loss=0.0288
2026-02-26 04:05:26,023 [INFO] Global Average Validation: PSNR=38.8583, SSIM=0.9752, LPIPS=0.0386, MSE=0.000183, FID=8.5160, Loss=0.0289
2026-02-26 04:05:26,023 [INFO] Validation PSNR did not improve. Best: 38.8809. Patience: 1/15
2026-02-26 04:05:26,035 [INFO] Client 0 Codebook Vitality | Top: active=1024, dead=0, entropy=6.238 | Bottom: active=1024, dead=0, entropy=6.473
2026-02-26 04:05:26,036 [INFO] Client 1 Codebook Vitality | Top: active=1024, dead=0, entropy=5.696 | Bottom: active=1024, dead=0, entropy=6.362
2026-02-26 04:05:26,037 [INFO] Client 2 Codebook Vitality | Top: active=1024, dead=0, entropy=4.694 | Bottom: active=1024, dead=0, entropy=5.581
2026-02-26 04:05:26,037 [INFO] Client 3 Codebook Vitality | Top: active=1024, dead=0, entropy=4.803 | Bottom: active=1024, dead=0, entropy=5.439
2026-02-26 04:05:26,125 [INFO] --- Evaluating Models Post-Aggregation ---
2026-02-26 04:05:26,686 [INFO] Client 0 Test Loss Components (1st batch): Recon=0.0104, Perceptual=0.0464, Structural=0.0015, VQ=0.0083
2026-02-26 04:05:44,617 [WARNING] Client 0: FID computed on only 1711 samples. Results may be statistically unreliable (need 2000+).
2026-02-26 04:05:47,306 [INFO] Client 0 Metrics: PSNR=40.0622, SSIM=0.9752, LPIPS=0.0484, MSE=0.000111, FID=7.0043, Loss=0.0287
2026-02-26 04:05:47,836 [INFO] Client 1 Test Loss Components (1st batch): Recon=0.0067, Perceptual=0.0359, Structural=0.0014, VQ=0.0074
2026-02-26 04:06:08,946 [WARNING] Client 1: FID computed on only 1895 samples. Results may be statistically unreliable (need 2000+).
2026-02-26 04:06:14,597 [INFO] Client 1 Metrics: PSNR=44.3588, SSIM=0.9869, LPIPS=0.0356, MSE=0.000037, FID=5.5081, Loss=0.0183
2026-02-26 04:06:15,327 [INFO] Client 2 Test Loss Components (1st batch): Recon=0.0175, Perceptual=0.0396, Structural=0.0021, VQ=0.0172
2026-02-26 04:06:30,003 [WARNING] Client 2: FID computed on only 1246 samples. Results may be statistically unreliable (need 2000+).
2026-02-26 04:06:47,759 [INFO] Client 2 Metrics: PSNR=34.5467, SSIM=0.9697, LPIPS=0.0372, MSE=0.000355, FID=14.0409, Loss=0.0390
2026-02-26 04:06:48,668 [INFO] Client 3 Test Loss Components (1st batch): Recon=0.0134, Perceptual=0.0403, Structural=0.0024, VQ=0.0225
2026-02-26 04:07:07,904 [WARNING] Client 3: FID computed on only 1633 samples. Results may be statistically unreliable (need 2000+).
2026-02-26 04:07:14,860 [INFO] Client 3 Metrics: PSNR=36.7070, SSIM=0.9701, LPIPS=0.0323, MSE=0.000218, FID=7.6695, Loss=0.0284
2026-02-26 04:07:14,861 [INFO] Global Average Metrics: PSNR=38.9187, SSIM=0.9755, LPIPS=0.0384, MSE=0.000180, FID=8.5557, Loss=0.0286
2026-02-26 04:07:15,491 [INFO] Metrics plot saved to: FedMedSR_results/FedMedSR/round_17/metrics_plot.png
2026-02-26 04:07:15,516 [INFO] ========== Starting Round 18/30 ==========
2026-02-26 04:07:15,517 [INFO] --- Training Client 0 ---
2026-02-26 04:13:29,854 [INFO] Client 0 > Epoch 1/5 | Total Loss: 0.0408 | Components: Recon=0.0085, Perceptual=0.0328, Structural=0.0013, Edge=0.0321, VQ=0.0238
2026-02-26 04:21:25,331 [INFO] Client 0 > Epoch 2/5 | Total Loss: 0.0354 | Components: Recon=0.0094, Perceptual=0.0365, Structural=0.0016, Edge=0.0362, VQ=0.0176
2026-02-26 04:29:00,104 [INFO] Client 0 > Epoch 3/5 | Total Loss: 0.0342 | Components: Recon=0.0079, Perceptual=0.0375, Structural=0.0012, Edge=0.0302, VQ=0.0122
2026-02-26 04:39:09,616 [INFO] Client 0 > Epoch 4/5 | Total Loss: 0.0340 | Components: Recon=0.0121, Perceptual=0.0469, Structural=0.0023, Edge=0.0470, VQ=0.0228
2026-02-26 04:50:08,405 [INFO] Client 0 > Epoch 5/5 | Total Loss: 0.0338 | Components: Recon=0.0086, Perceptual=0.0298, Structural=0.0009, Edge=0.0341, VQ=0.0143
2026-02-26 04:50:08,486 [INFO] --- Training Client 1 ---
2026-02-26 04:59:06,650 [INFO] Client 1 > Epoch 1/5 | Total Loss: 0.0321 | Components: Recon=0.0076, Perceptual=0.0299, Structural=0.0011, Edge=0.0275, VQ=0.0088
2026-02-26 05:05:29,855 [INFO] Client 1 > Epoch 2/5 | Total Loss: 0.0221 | Components: Recon=0.0070, Perceptual=0.0284, Structural=0.0012, Edge=0.0257, VQ=0.0078
2026-02-26 05:12:38,635 [INFO] Client 1 > Epoch 3/5 | Total Loss: 0.0213 | Components: Recon=0.0060, Perceptual=0.0247, Structural=0.0008, Edge=0.0211, VQ=0.0068
2026-02-26 05:19:25,713 [INFO] Client 1 > Epoch 4/5 | Total Loss: 0.0211 | Components: Recon=0.0065, Perceptual=0.0301, Structural=0.0011, Edge=0.0231, VQ=0.0074
2026-02-26 05:26:11,100 [INFO] Client 1 > Epoch 5/5 | Total Loss: 0.0210 | Components: Recon=0.0059, Perceptual=0.0244, Structural=0.0009, Edge=0.0211, VQ=0.0080
2026-02-26 05:26:11,117 [INFO] --- Training Client 2 ---
2026-02-26 05:30:48,209 [INFO] Client 2 > Epoch 1/5 | Total Loss: 0.0561 | Components: Recon=0.0170, Perceptual=0.0340, Structural=0.0017, Edge=0.0658, VQ=0.0458
2026-02-26 05:35:26,036 [INFO] Client 2 > Epoch 2/5 | Total Loss: 0.0497 | Components: Recon=0.0142, Perceptual=0.0310, Structural=0.0015, Edge=0.0541, VQ=0.0452
2026-02-26 05:39:39,377 [INFO] Client 2 > Epoch 3/5 | Total Loss: 0.0488 | Components: Recon=0.0133, Perceptual=0.0280, Structural=0.0014, Edge=0.0497, VQ=0.0371
2026-02-26 05:43:52,260 [INFO] Client 2 > Epoch 4/5 | Total Loss: 0.0482 | Components: Recon=0.0146, Perceptual=0.0298, Structural=0.0015, Edge=0.0542, VQ=0.0315
2026-02-26 05:48:04,558 [INFO] Client 2 > Epoch 5/5 | Total Loss: 0.0480 | Components: Recon=0.0158, Perceptual=0.0343, Structural=0.0019, Edge=0.0594, VQ=0.0329
2026-02-26 05:48:04,568 [INFO] --- Training Client 3 ---
2026-02-26 05:53:35,246 [INFO] Client 3 > Epoch 1/5 | Total Loss: 0.0424 | Components: Recon=0.0112, Perceptual=0.0281, Structural=0.0020, Edge=0.0430, VQ=0.1426
2026-02-26 05:59:05,500 [INFO] Client 3 > Epoch 2/5 | Total Loss: 0.0369 | Components: Recon=0.0094, Perceptual=0.0249, Structural=0.0015, Edge=0.0363, VQ=0.0194
2026-02-26 06:04:36,160 [INFO] Client 3 > Epoch 3/5 | Total Loss: 0.0360 | Components: Recon=0.0108, Perceptual=0.0277, Structural=0.0018, Edge=0.0420, VQ=0.0225
2026-02-26 06:10:06,806 [INFO] Client 3 > Epoch 4/5 | Total Loss: 0.0358 | Components: Recon=0.0101, Perceptual=0.0259, Structural=0.0017, Edge=0.0379, VQ=0.0155
2026-02-26 06:15:37,084 [INFO] Client 3 > Epoch 5/5 | Total Loss: 0.0356 | Components: Recon=0.0107, Perceptual=0.0319, Structural=0.0020, Edge=0.0403, VQ=0.0165
2026-02-26 06:15:37,094 [INFO] --- Server Aggregating Client Updates ---
2026-02-26 06:15:37,094 [INFO] Using Distribution-Aware Aggregation (FedMSR)
2026-02-26 06:15:37,097 [INFO] Distribution-Aware Aggregation Weights:
2026-02-26 06:15:37,098 [INFO] Client 0: weight=0.2569
2026-02-26 06:15:37,098 [INFO] Client 1: weight=0.2711
2026-02-26 06:15:37,098 [INFO] Client 2: weight=0.2210
2026-02-26 06:15:37,098 [INFO] Client 3: weight=0.2509
2026-02-26 06:15:37,115 [INFO] --- Validating Models Post-Aggregation ---
2026-02-26 06:15:55,449 [WARNING] Client 0: FID computed on only 1710 samples. Results may be statistically unreliable (need 2000+).
2026-02-26 06:15:58,105 [INFO] Client 0 Validation: PSNR=40.0369, SSIM=0.9750, LPIPS=0.0488, MSE=0.0001, FID=6.7669, Loss=0.0292
2026-02-26 06:16:18,383 [WARNING] Client 1: FID computed on only 1894 samples. Results may be statistically unreliable (need 2000+).
2026-02-26 06:16:20,848 [INFO] Client 1 Validation: PSNR=44.4178, SSIM=0.9875, LPIPS=0.0351, MSE=0.0000, FID=5.1635, Loss=0.0182
2026-02-26 06:16:34,376 [WARNING] Client 2: FID computed on only 1244 samples. Results may be statistically unreliable (need 2000+).
2026-02-26 06:16:44,403 [INFO] Client 2 Validation: PSNR=34.5682, SSIM=0.9696, LPIPS=0.0371, MSE=0.0004, FID=13.8039, Loss=0.0392
2026-02-26 06:17:02,149 [WARNING] Client 3: FID computed on only 1632 samples. Results may be statistically unreliable (need 2000+).
2026-02-26 06:17:04,784 [INFO] Client 3 Validation: PSNR=36.6962, SSIM=0.9696, LPIPS=0.0326, MSE=0.0002, FID=7.8708, Loss=0.0288
2026-02-26 06:17:04,784 [INFO] Global Average Validation: PSNR=38.9298, SSIM=0.9754, LPIPS=0.0384, MSE=0.000180, FID=8.4013, Loss=0.0289
2026-02-26 06:17:04,784 [INFO] New best validation PSNR: 38.9298 dB (SSIM=0.9754). Saving model state.
2026-02-26 06:17:04,925 [INFO] Saved best decoder for client 0
2026-02-26 06:17:05,023 [INFO] Saved best decoder for client 1
2026-02-26 06:17:05,124 [INFO] Saved best decoder for client 2
2026-02-26 06:17:05,223 [INFO] Saved best decoder for client 3
2026-02-26 06:17:05,224 [INFO] Client 0 Codebook Vitality | Top: active=1024, dead=0, entropy=6.220 | Bottom: active=1024, dead=0, entropy=6.160
2026-02-26 06:17:05,224 [INFO] Client 1 Codebook Vitality | Top: active=1024, dead=0, entropy=5.526 | Bottom: active=1024, dead=0, entropy=5.544
2026-02-26 06:17:05,225 [INFO] Client 2 Codebook Vitality | Top: active=1024, dead=0, entropy=4.822 | Bottom: active=1024, dead=0, entropy=5.919
2026-02-26 06:17:05,225 [INFO] Client 3 Codebook Vitality | Top: active=1024, dead=0, entropy=4.662 | Bottom: active=1024, dead=0, entropy=5.315
2026-02-26 06:17:05,305 [INFO] --- Evaluating Models Post-Aggregation ---
2026-02-26 06:17:05,855 [INFO] Client 0 Test Loss Components (1st batch): Recon=0.0103, Perceptual=0.0459, Structural=0.0015, VQ=0.0116
2026-02-26 06:17:23,688 [WARNING] Client 0: FID computed on only 1711 samples. Results may be statistically unreliable (need 2000+).
2026-02-26 06:17:26,431 [INFO] Client 0 Metrics: PSNR=40.1611, SSIM=0.9754, LPIPS=0.0481, MSE=0.000109, FID=6.8519, Loss=0.0287
2026-02-26 06:17:26,978 [INFO] Client 1 Test Loss Components (1st batch): Recon=0.0067, Perceptual=0.0361, Structural=0.0014, VQ=0.0108
2026-02-26 06:17:46,701 [WARNING] Client 1: FID computed on only 1895 samples. Results may be statistically unreliable (need 2000+).
2026-02-26 06:17:49,374 [INFO] Client 1 Metrics: PSNR=44.4197, SSIM=0.9875, LPIPS=0.0354, MSE=0.000036, FID=5.3523, Loss=0.0183
2026-02-26 06:17:49,938 [INFO] Client 2 Test Loss Components (1st batch): Recon=0.0174, Perceptual=0.0394, Structural=0.0020, VQ=0.0210
2026-02-26 06:18:03,004 [WARNING] Client 2: FID computed on only 1246 samples. Results may be statistically unreliable (need 2000+).
2026-02-26 06:18:13,100 [INFO] Client 2 Metrics: PSNR=34.5875, SSIM=0.9698, LPIPS=0.0369, MSE=0.000352, FID=13.9107, Loss=0.0391
2026-02-26 06:18:13,942 [INFO] Client 3 Test Loss Components (1st batch): Recon=0.0133, Perceptual=0.0405, Structural=0.0024, VQ=0.0267
2026-02-26 06:18:31,005 [WARNING] Client 3: FID computed on only 1633 samples. Results may be statistically unreliable (need 2000+).
2026-02-26 06:18:33,717 [INFO] Client 3 Metrics: PSNR=36.7971, SSIM=0.9702, LPIPS=0.0323, MSE=0.000214, FID=7.6550, Loss=0.0285
2026-02-26 06:18:33,717 [INFO] Global Average Metrics: PSNR=38.9913, SSIM=0.9757, LPIPS=0.0382, MSE=0.000178, FID=8.4425, Loss=0.0286
2026-02-26 06:18:34,301 [INFO] Metrics plot saved to: FedMedSR_results/FedMedSR/round_18/metrics_plot.png
2026-02-26 06:18:34,324 [INFO] ========== Starting Round 19/30 ==========
2026-02-26 06:18:34,325 [INFO] --- Training Client 0 ---
2026-02-26 06:24:20,531 [INFO] Client 0 > Epoch 1/5 | Total Loss: 0.0646 | Components: Recon=0.0090, Perceptual=0.0356, Structural=0.0016, Edge=0.0339, VQ=0.0151
2026-02-26 06:30:06,658 [INFO] Client 0 > Epoch 2/5 | Total Loss: 0.0481 | Components: Recon=0.0084, Perceptual=0.0306, Structural=0.0012, Edge=0.0319, VQ=0.0138
2026-02-26 06:35:53,054 [INFO] Client 0 > Epoch 3/5 | Total Loss: 0.0341 | Components: Recon=0.0113, Perceptual=0.0424, Structural=0.0016, Edge=0.0450, VQ=0.0182
2026-02-26 06:41:39,363 [INFO] Client 0 > Epoch 4/5 | Total Loss: 0.0339 | Components: Recon=0.0093, Perceptual=0.0363, Structural=0.0016, Edge=0.0344, VQ=0.0153
2026-02-26 06:47:25,616 [INFO] Client 0 > Epoch 5/5 | Total Loss: 0.0338 | Components: Recon=0.0090, Perceptual=0.0370, Structural=0.0015, Edge=0.0334, VQ=0.0144
2026-02-26 06:47:25,630 [INFO] --- Training Client 1 ---
2026-02-26 06:53:49,065 [INFO] Client 1 > Epoch 1/5 | Total Loss: 0.0303 | Components: Recon=0.0049, Perceptual=0.0204, Structural=0.0006, Edge=0.0169, VQ=0.0072
2026-02-26 07:00:12,956 [INFO] Client 1 > Epoch 2/5 | Total Loss: 0.0217 | Components: Recon=0.0067, Perceptual=0.0283, Structural=0.0011, Edge=0.0240, VQ=0.0082
2026-02-26 07:06:36,504 [INFO] Client 1 > Epoch 3/5 | Total Loss: 0.0212 | Components: Recon=0.0057, Perceptual=0.0248, Structural=0.0008, Edge=0.0204, VQ=0.0071
2026-02-26 07:12:59,844 [INFO] Client 1 > Epoch 4/5 | Total Loss: 0.0210 | Components: Recon=0.0066, Perceptual=0.0260, Structural=0.0010, Edge=0.0242, VQ=0.0092
2026-02-26 07:19:23,378 [INFO] Client 1 > Epoch 5/5 | Total Loss: 0.0209 | Components: Recon=0.0050, Perceptual=0.0208, Structural=0.0010, Edge=0.0168, VQ=0.0062
2026-02-26 07:19:23,394 [INFO] --- Training Client 2 ---
2026-02-26 07:23:35,548 [INFO] Client 2 > Epoch 1/5 | Total Loss: 0.0580 | Components: Recon=0.0108, Perceptual=0.0232, Structural=0.0012, Edge=0.0387, VQ=0.0201
2026-02-26 07:27:47,511 [INFO] Client 2 > Epoch 2/5 | Total Loss: 0.0491 | Components: Recon=0.0148, Perceptual=0.0334, Structural=0.0018, Edge=0.0549, VQ=0.0204
2026-02-26 07:31:59,788 [INFO] Client 2 > Epoch 3/5 | Total Loss: 0.0486 | Components: Recon=0.0143, Perceptual=0.0331, Structural=0.0018, Edge=0.0528, VQ=0.0276
2026-02-26 07:36:11,778 [INFO] Client 2 > Epoch 4/5 | Total Loss: 0.0480 | Components: Recon=0.0146, Perceptual=0.0329, Structural=0.0020, Edge=0.0528, VQ=0.0352
2026-02-26 07:40:24,189 [INFO] Client 2 > Epoch 5/5 | Total Loss: 0.0478 | Components: Recon=0.0159, Perceptual=0.0337, Structural=0.0018, Edge=0.0597, VQ=0.0402
2026-02-26 07:40:24,200 [INFO] --- Training Client 3 ---
2026-02-26 07:45:54,671 [INFO] Client 3 > Epoch 1/5 | Total Loss: 0.0616 | Components: Recon=0.0117, Perceptual=0.0290, Structural=0.0020, Edge=0.0435, VQ=0.0289
2026-02-26 07:51:25,109 [INFO] Client 3 > Epoch 2/5 | Total Loss: 0.0364 | Components: Recon=0.0130, Perceptual=0.0302, Structural=0.0021, Edge=0.0507, VQ=0.0250
2026-02-26 07:56:55,843 [INFO] Client 3 > Epoch 3/5 | Total Loss: 0.0358 | Components: Recon=0.0111, Perceptual=0.0279, Structural=0.0018, Edge=0.0429, VQ=0.0173
2026-02-26 08:02:26,519 [INFO] Client 3 > Epoch 4/5 | Total Loss: 0.0355 | Components: Recon=0.0138, Perceptual=0.0430, Structural=0.0027, Edge=0.0531, VQ=0.0164
2026-02-26 08:07:57,020 [INFO] Client 3 > Epoch 5/5 | Total Loss: 0.0353 | Components: Recon=0.0096, Perceptual=0.0216, Structural=0.0013, Edge=0.0364, VQ=0.0251
2026-02-26 08:07:57,033 [INFO] --- Server Aggregating Client Updates ---
2026-02-26 08:07:57,033 [INFO] Using Distribution-Aware Aggregation (FedMSR)
2026-02-26 08:07:57,037 [INFO] Distribution-Aware Aggregation Weights:
2026-02-26 08:07:57,037 [INFO] Client 0: weight=0.2569
2026-02-26 08:07:57,037 [INFO] Client 1: weight=0.2711
2026-02-26 08:07:57,037 [INFO] Client 2: weight=0.2210
2026-02-26 08:07:57,037 [INFO] Client 3: weight=0.2509
2026-02-26 08:07:57,052 [INFO] --- Validating Models Post-Aggregation ---
2026-02-26 08:08:15,393 [WARNING] Client 0: FID computed on only 1710 samples. Results may be statistically unreliable (need 2000+).
2026-02-26 08:08:18,049 [INFO] Client 0 Validation: PSNR=40.0973, SSIM=0.9751, LPIPS=0.0480, MSE=0.0001, FID=6.5393, Loss=0.0294
2026-02-26 08:08:38,290 [WARNING] Client 1: FID computed on only 1894 samples. Results may be statistically unreliable (need 2000+).
2026-02-26 08:08:40,878 [INFO] Client 1 Validation: PSNR=44.4611, SSIM=0.9877, LPIPS=0.0346, MSE=0.0000, FID=5.3156, Loss=0.0185
2026-02-26 08:08:54,445 [WARNING] Client 2: FID computed on only 1244 samples. Results may be statistically unreliable (need 2000+).
2026-02-26 08:09:04,850 [INFO] Client 2 Validation: PSNR=34.5850, SSIM=0.9697, LPIPS=0.0371, MSE=0.0004, FID=13.8267, Loss=0.0396
2026-02-26 08:09:22,702 [WARNING] Client 3: FID computed on only 1632 samples. Results may be statistically unreliable (need 2000+).
2026-02-26 08:09:25,448 [INFO] Client 3 Validation: PSNR=36.6446, SSIM=0.9695, LPIPS=0.0328, MSE=0.0002, FID=7.8878, Loss=0.0293
2026-02-26 08:09:25,449 [INFO] Global Average Validation: PSNR=38.9470, SSIM=0.9755, LPIPS=0.0381, MSE=0.000180, FID=8.3923, Loss=0.0292
2026-02-26 08:09:25,449 [INFO] New best validation PSNR: 38.9470 dB (SSIM=0.9755). Saving model state.
2026-02-26 08:09:25,591 [INFO] Saved best decoder for client 0
2026-02-26 08:09:25,688 [INFO] Saved best decoder for client 1
2026-02-26 08:09:25,794 [INFO] Saved best decoder for client 2
2026-02-26 08:09:25,889 [INFO] Saved best decoder for client 3
2026-02-26 08:09:25,890 [INFO] Client 0 Codebook Vitality | Top: active=1024, dead=0, entropy=6.190 | Bottom: active=1024, dead=0, entropy=6.374
2026-02-26 08:09:25,891 [INFO] Client 1 Codebook Vitality | Top: active=1024, dead=0, entropy=5.689 | Bottom: active=1024, dead=0, entropy=6.192
2026-02-26 08:09:25,891 [INFO] Client 2 Codebook Vitality | Top: active=1024, dead=0, entropy=4.905 | Bottom: active=1024, dead=0, entropy=5.900
2026-02-26 08:09:25,891 [INFO] Client 3 Codebook Vitality | Top: active=1024, dead=0, entropy=4.380 | Bottom: active=1024, dead=0, entropy=4.900
2026-02-26 08:09:25,970 [INFO] --- Evaluating Models Post-Aggregation ---
2026-02-26 08:09:26,560 [INFO] Client 0 Test Loss Components (1st batch): Recon=0.0103, Perceptual=0.0452, Structural=0.0015, VQ=0.0188
2026-02-26 08:09:44,415 [WARNING] Client 0: FID computed on only 1711 samples. Results may be statistically unreliable (need 2000+).
2026-02-26 08:09:47,231 [INFO] Client 0 Metrics: PSNR=40.2228, SSIM=0.9755, LPIPS=0.0473, MSE=0.000108, FID=6.6213, Loss=0.0289
2026-02-26 08:09:47,806 [INFO] Client 1 Test Loss Components (1st batch): Recon=0.0066, Perceptual=0.0358, Structural=0.0014, VQ=0.0178
2026-02-26 08:10:07,833 [WARNING] Client 1: FID computed on only 1895 samples. Results may be statistically unreliable (need 2000+).
2026-02-26 08:10:10,729 [INFO] Client 1 Metrics: PSNR=44.4621, SSIM=0.9877, LPIPS=0.0349, MSE=0.000036, FID=5.4948, Loss=0.0186
2026-02-26 08:10:11,299 [INFO] Client 2 Test Loss Components (1st batch): Recon=0.0174, Perceptual=0.0395, Structural=0.0021, VQ=0.0281
2026-02-26 08:10:24,323 [WARNING] Client 2: FID computed on only 1246 samples. Results may be statistically unreliable (need 2000+).
2026-02-26 08:10:33,376 [INFO] Client 2 Metrics: PSNR=34.6054, SSIM=0.9698, LPIPS=0.0369, MSE=0.000350, FID=13.9360, Loss=0.0394
2026-02-26 08:10:34,163 [INFO] Client 3 Test Loss Components (1st batch): Recon=0.0134, Perceptual=0.0406, Structural=0.0024, VQ=0.0336
2026-02-26 08:10:51,249 [WARNING] Client 3: FID computed on only 1633 samples. Results may be statistically unreliable (need 2000+).
2026-02-26 08:10:53,741 [INFO] Client 3 Metrics: PSNR=36.7488, SSIM=0.9701, LPIPS=0.0325, MSE=0.000216, FID=7.6918, Loss=0.0290
2026-02-26 08:10:53,741 [INFO] Global Average Metrics: PSNR=39.0098, SSIM=0.9758, LPIPS=0.0379, MSE=0.000177, FID=8.4360, Loss=0.0290
2026-02-26 08:10:54,343 [INFO] Metrics plot saved to: FedMedSR_results/FedMedSR/round_19/metrics_plot.png
2026-02-26 08:10:54,364 [INFO] ========== Starting Round 20/30 ==========
2026-02-26 08:10:54,365 [INFO] --- Training Client 0 ---
2026-02-26 08:16:40,541 [INFO] Client 0 > Epoch 1/5 | Total Loss: 0.0439 | Components: Recon=0.0090, Perceptual=0.0348, Structural=0.0013, Edge=0.0346, VQ=0.0152
2026-02-26 08:22:27,011 [INFO] Client 0 > Epoch 2/5 | Total Loss: 0.0374 | Components: Recon=0.0094, Perceptual=0.0395, Structural=0.0017, Edge=0.0368, VQ=0.0143
2026-02-26 08:28:13,420 [INFO] Client 0 > Epoch 3/5 | Total Loss: 0.0340 | Components: Recon=0.0087, Perceptual=0.0331, Structural=0.0012, Edge=0.0341, VQ=0.0151
2026-02-26 08:33:59,728 [INFO] Client 0 > Epoch 4/5 | Total Loss: 0.0338 | Components: Recon=0.0107, Perceptual=0.0393, Structural=0.0012, Edge=0.0416, VQ=0.0216
2026-02-26 08:39:46,100 [INFO] Client 0 > Epoch 5/5 | Total Loss: 0.0337 | Components: Recon=0.0112, Perceptual=0.0376, Structural=0.0023, Edge=0.0402, VQ=0.0200
2026-02-26 08:39:46,110 [INFO] --- Training Client 1 ---
2026-02-26 08:46:09,699 [INFO] Client 1 > Epoch 1/5 | Total Loss: 0.0243 | Components: Recon=0.0063, Perceptual=0.0258, Structural=0.0010, Edge=0.0235, VQ=0.0087
2026-02-26 08:52:33,075 [INFO] Client 1 > Epoch 2/5 | Total Loss: 0.0216 | Components: Recon=0.0059, Perceptual=0.0241, Structural=0.0010, Edge=0.0206, VQ=0.0067
2026-02-26 08:58:55,566 [INFO] Client 1 > Epoch 3/5 | Total Loss: 0.0213 | Components: Recon=0.0053, Perceptual=0.0235, Structural=0.0008, Edge=0.0181, VQ=0.0070
2026-02-26 09:05:18,176 [INFO] Client 1 > Epoch 4/5 | Total Loss: 0.0209 | Components: Recon=0.0059, Perceptual=0.0247, Structural=0.0010, Edge=0.0199, VQ=0.0065
2026-02-26 09:11:40,747 [INFO] Client 1 > Epoch 5/5 | Total Loss: 0.0209 | Components: Recon=0.0060, Perceptual=0.0241, Structural=0.0008, Edge=0.0217, VQ=0.0084
2026-02-26 09:11:40,758 [INFO] --- Training Client 2 ---
2026-02-26 09:15:52,489 [INFO] Client 2 > Epoch 1/5 | Total Loss: 0.0961 | Components: Recon=0.0145, Perceptual=0.0302, Structural=0.0017, Edge=0.0541, VQ=0.0429
2026-02-26 09:20:04,364 [INFO] Client 2 > Epoch 2/5 | Total Loss: 0.0491 | Components: Recon=0.0164, Perceptual=0.0321, Structural=0.0017, Edge=0.0637, VQ=0.0472
2026-02-26 09:24:16,079 [INFO] Client 2 > Epoch 3/5 | Total Loss: 0.0483 | Components: Recon=0.0135, Perceptual=0.0310, Structural=0.0016, Edge=0.0494, VQ=0.0235
2026-02-26 09:28:27,847 [INFO] Client 2 > Epoch 4/5 | Total Loss: 0.0478 | Components: Recon=0.0153, Perceptual=0.0353, Structural=0.0020, Edge=0.0579, VQ=0.0366
2026-02-26 09:32:39,360 [INFO] Client 2 > Epoch 5/5 | Total Loss: 0.0476 | Components: Recon=0.0146, Perceptual=0.0297, Structural=0.0016, Edge=0.0547, VQ=0.0337
2026-02-26 09:32:39,371 [INFO] --- Training Client 3 ---
2026-02-26 09:38:09,081 [INFO] Client 3 > Epoch 1/5 | Total Loss: 0.0420 | Components: Recon=0.0095, Perceptual=0.0262, Structural=0.0016, Edge=0.0357, VQ=0.0164
2026-02-26 09:43:39,247 [INFO] Client 3 > Epoch 2/5 | Total Loss: 0.0362 | Components: Recon=0.0085, Perceptual=0.0196, Structural=0.0010, Edge=0.0330, VQ=0.0355
2026-02-26 09:49:08,778 [INFO] Client 3 > Epoch 3/5 | Total Loss: 0.0360 | Components: Recon=0.0110, Perceptual=0.0311, Structural=0.0017, Edge=0.0416, VQ=0.0179
2026-02-26 09:54:38,663 [INFO] Client 3 > Epoch 4/5 | Total Loss: 0.0353 | Components: Recon=0.0116, Perceptual=0.0350, Structural=0.0022, Edge=0.0445, VQ=0.0133
2026-02-26 10:00:09,357 [INFO] Client 3 > Epoch 5/5 | Total Loss: 0.0351 | Components: Recon=0.0131, Perceptual=0.0376, Structural=0.0025, Edge=0.0505, VQ=0.0220
2026-02-26 10:00:09,383 [INFO] --- Server Aggregating Client Updates ---
2026-02-26 10:00:09,383 [INFO] Using Distribution-Aware Aggregation (FedMSR)
2026-02-26 10:00:09,386 [INFO] Distribution-Aware Aggregation Weights:
2026-02-26 10:00:09,386 [INFO] Client 0: weight=0.2569
2026-02-26 10:00:09,386 [INFO] Client 1: weight=0.2711
2026-02-26 10:00:09,386 [INFO] Client 2: weight=0.2210
2026-02-26 10:00:09,386 [INFO] Client 3: weight=0.2509
2026-02-26 10:00:09,401 [INFO] --- Validating Models Post-Aggregation ---
2026-02-26 10:00:27,663 [WARNING] Client 0: FID computed on only 1710 samples. Results may be statistically unreliable (need 2000+).
2026-02-26 10:00:29,947 [INFO] Client 0 Validation: PSNR=40.1373, SSIM=0.9752, LPIPS=0.0479, MSE=0.0001, FID=6.5215, Loss=0.0288
2026-02-26 10:00:50,094 [WARNING] Client 1: FID computed on only 1894 samples. Results may be statistically unreliable (need 2000+).
2026-02-26 10:00:52,706 [INFO] Client 1 Validation: PSNR=44.5065, SSIM=0.9879, LPIPS=0.0341, MSE=0.0000, FID=5.2299, Loss=0.0179
2026-02-26 10:01:06,201 [WARNING] Client 2: FID computed on only 1244 samples. Results may be statistically unreliable (need 2000+).
2026-02-26 10:01:15,851 [INFO] Client 2 Validation: PSNR=34.5662, SSIM=0.9696, LPIPS=0.0370, MSE=0.0004, FID=13.6712, Loss=0.0391
2026-02-26 10:01:33,571 [WARNING] Client 3: FID computed on only 1632 samples. Results may be statistically unreliable (need 2000+).
2026-02-26 10:01:35,999 [INFO] Client 3 Validation: PSNR=36.6210, SSIM=0.9695, LPIPS=0.0327, MSE=0.0002, FID=7.8527, Loss=0.0288
2026-02-26 10:01:35,999 [INFO] Global Average Validation: PSNR=38.9577, SSIM=0.9755, LPIPS=0.0379, MSE=0.000181, FID=8.3188, Loss=0.0286
2026-02-26 10:01:35,999 [INFO] New best validation PSNR: 38.9577 dB (SSIM=0.9755). Saving model state.
2026-02-26 10:01:36,145 [INFO] Saved best decoder for client 0
2026-02-26 10:01:36,242 [INFO] Saved best decoder for client 1
2026-02-26 10:01:36,337 [INFO] Saved best decoder for client 2
2026-02-26 10:01:36,468 [INFO] Saved best decoder for client 3
2026-02-26 10:01:36,469 [INFO] Client 0 Codebook Vitality | Top: active=1024, dead=0, entropy=6.130 | Bottom: active=1024, dead=0, entropy=5.881
2026-02-26 10:01:36,470 [INFO] Client 1 Codebook Vitality | Top: active=1024, dead=0, entropy=5.466 | Bottom: active=1024, dead=0, entropy=5.170
2026-02-26 10:01:36,470 [INFO] Client 2 Codebook Vitality | Top: active=1024, dead=0, entropy=4.690 | Bottom: active=1024, dead=0, entropy=5.486
2026-02-26 10:01:36,470 [INFO] Client 3 Codebook Vitality | Top: active=1024, dead=0, entropy=4.723 | Bottom: active=1024, dead=0, entropy=5.407
2026-02-26 10:01:36,548 [INFO] --- Evaluating Models Post-Aggregation ---
2026-02-26 10:01:37,118 [INFO] Client 0 Test Loss Components (1st batch): Recon=0.0102, Perceptual=0.0449, Structural=0.0015, VQ=0.0099
2026-02-26 10:01:54,953 [WARNING] Client 0: FID computed on only 1711 samples. Results may be statistically unreliable (need 2000+).
2026-02-26 10:01:57,422 [INFO] Client 0 Metrics: PSNR=40.2603, SSIM=0.9756, LPIPS=0.0472, MSE=0.000107, FID=6.6254, Loss=0.0283
2026-02-26 10:01:57,967 [INFO] Client 1 Test Loss Components (1st batch): Recon=0.0066, Perceptual=0.0355, Structural=0.0013, VQ=0.0087
2026-02-26 10:02:17,678 [WARNING] Client 1: FID computed on only 1895 samples. Results may be statistically unreliable (need 2000+).
2026-02-26 10:02:20,183 [INFO] Client 1 Metrics: PSNR=44.5088, SSIM=0.9878, LPIPS=0.0344, MSE=0.000036, FID=5.4189, Loss=0.0179
2026-02-26 10:02:20,719 [INFO] Client 2 Test Loss Components (1st batch): Recon=0.0174, Perceptual=0.0391, Structural=0.0021, VQ=0.0191
2026-02-26 10:02:33,701 [WARNING] Client 2: FID computed on only 1246 samples. Results may be statistically unreliable (need 2000+).
2026-02-26 10:02:43,349 [INFO] Client 2 Metrics: PSNR=34.5840, SSIM=0.9697, LPIPS=0.0368, MSE=0.000352, FID=13.8301, Loss=0.0390
2026-02-26 10:02:44,124 [INFO] Client 3 Test Loss Components (1st batch): Recon=0.0134, Perceptual=0.0405, Structural=0.0024, VQ=0.0245
2026-02-26 10:03:01,148 [WARNING] Client 3: FID computed on only 1633 samples. Results may be statistically unreliable (need 2000+).
2026-02-26 10:03:03,501 [INFO] Client 3 Metrics: PSNR=36.7256, SSIM=0.9701, LPIPS=0.0324, MSE=0.000217, FID=7.6586, Loss=0.0285
2026-02-26 10:03:03,501 [INFO] Global Average Metrics: PSNR=39.0197, SSIM=0.9758, LPIPS=0.0377, MSE=0.000178, FID=8.3832, Loss=0.0284
2026-02-26 10:03:04,300 [INFO] Metrics plot saved to: FedMedSR_results/FedMedSR/round_20/metrics_plot.png
2026-02-26 10:03:04,321 [INFO] ========== Starting Round 21/30 ==========
2026-02-26 10:03:04,321 [INFO] --- Training Client 0 ---
2026-02-26 10:08:49,938 [INFO] Client 0 > Epoch 1/5 | Total Loss: 0.0399 | Components: Recon=0.0082, Perceptual=0.0310, Structural=0.0013, Edge=0.0318, VQ=0.0149
2026-02-26 10:14:35,518 [INFO] Client 0 > Epoch 2/5 | Total Loss: 0.0350 | Components: Recon=0.0131, Perceptual=0.0419, Structural=0.0017, Edge=0.0511, VQ=0.0336
2026-02-26 10:20:21,214 [INFO] Client 0 > Epoch 3/5 | Total Loss: 0.0340 | Components: Recon=0.0097, Perceptual=0.0422, Structural=0.0015, Edge=0.0355, VQ=0.0176
2026-02-26 10:26:06,749 [INFO] Client 0 > Epoch 4/5 | Total Loss: 0.0337 | Components: Recon=0.0081, Perceptual=0.0322, Structural=0.0011, Edge=0.0303, VQ=0.0140
2026-02-26 10:31:52,508 [INFO] Client 0 > Epoch 5/5 | Total Loss: 0.0336 | Components: Recon=0.0087, Perceptual=0.0348, Structural=0.0014, Edge=0.0333, VQ=0.0145
2026-02-26 10:31:52,517 [INFO] --- Training Client 1 ---
2026-02-26 10:38:15,584 [INFO] Client 1 > Epoch 1/5 | Total Loss: 0.0319 | Components: Recon=0.0061, Perceptual=0.0253, Structural=0.0011, Edge=0.0218, VQ=0.0076
2026-02-26 10:44:38,546 [INFO] Client 1 > Epoch 2/5 | Total Loss: 0.0255 | Components: Recon=0.0058, Perceptual=0.0227, Structural=0.0010, Edge=0.0202, VQ=0.0082
2026-02-26 10:51:01,672 [INFO] Client 1 > Epoch 3/5 | Total Loss: 0.0210 | Components: Recon=0.0066, Perceptual=0.0280, Structural=0.0010, Edge=0.0240, VQ=0.0088
2026-02-26 10:57:25,152 [INFO] Client 1 > Epoch 4/5 | Total Loss: 0.0209 | Components: Recon=0.0066, Perceptual=0.0269, Structural=0.0009, Edge=0.0234, VQ=0.0085
2026-02-26 11:03:48,589 [INFO] Client 1 > Epoch 5/5 | Total Loss: 0.0208 | Components: Recon=0.0057, Perceptual=0.0242, Structural=0.0007, Edge=0.0196, VQ=0.0089
2026-02-26 11:03:48,597 [INFO] --- Training Client 2 ---
2026-02-26 11:08:00,531 [INFO] Client 2 > Epoch 1/5 | Total Loss: 0.0546 | Components: Recon=0.0134, Perceptual=0.0281, Structural=0.0016, Edge=0.0488, VQ=0.0314
2026-02-26 11:12:12,692 [INFO] Client 2 > Epoch 2/5 | Total Loss: 0.0489 | Components: Recon=0.0134, Perceptual=0.0260, Structural=0.0015, Edge=0.0498, VQ=0.0319
2026-02-26 11:16:24,699 [INFO] Client 2 > Epoch 3/5 | Total Loss: 0.0481 | Components: Recon=0.0153, Perceptual=0.0338, Structural=0.0019, Edge=0.0562, VQ=0.0289
2026-02-26 11:20:36,746 [INFO] Client 2 > Epoch 4/5 | Total Loss: 0.0477 | Components: Recon=0.0139, Perceptual=0.0300, Structural=0.0017, Edge=0.0510, VQ=0.0260
2026-02-26 11:24:48,761 [INFO] Client 2 > Epoch 5/5 | Total Loss: 0.0474 | Components: Recon=0.0134, Perceptual=0.0297, Structural=0.0016, Edge=0.0491, VQ=0.0309
2026-02-26 11:24:48,773 [INFO] --- Training Client 3 ---
2026-02-26 11:30:20,430 [INFO] Client 3 > Epoch 1/5 | Total Loss: 0.0450 | Components: Recon=0.0114, Perceptual=0.0282, Structural=0.0019, Edge=0.0440, VQ=0.0210
2026-02-26 11:35:52,078 [INFO] Client 3 > Epoch 2/5 | Total Loss: 0.0359 | Components: Recon=0.0111, Perceptual=0.0303, Structural=0.0022, Edge=0.0415, VQ=0.0111
2026-02-26 11:41:22,155 [INFO] Client 3 > Epoch 3/5 | Total Loss: 0.0354 | Components: Recon=0.0097, Perceptual=0.0213, Structural=0.0013, Edge=0.0377, VQ=0.0261
2026-02-26 11:46:52,223 [INFO] Client 3 > Epoch 4/5 | Total Loss: 0.0351 | Components: Recon=0.0124, Perceptual=0.0331, Structural=0.0023, Edge=0.0491, VQ=0.0168
2026-02-26 11:52:23,236 [INFO] Client 3 > Epoch 5/5 | Total Loss: 0.0349 | Components: Recon=0.0122, Perceptual=0.0314, Structural=0.0022, Edge=0.0453, VQ=0.0181
2026-02-26 11:52:23,247 [INFO] --- Server Aggregating Client Updates ---
2026-02-26 11:52:23,247 [INFO] Using Distribution-Aware Aggregation (FedMSR)
2026-02-26 11:52:23,251 [INFO] Distribution-Aware Aggregation Weights:
2026-02-26 11:52:23,251 [INFO] Client 0: weight=0.2569
2026-02-26 11:52:23,251 [INFO] Client 1: weight=0.2711
2026-02-26 11:52:23,251 [INFO] Client 2: weight=0.2210
2026-02-26 11:52:23,251 [INFO] Client 3: weight=0.2509
2026-02-26 11:52:23,268 [INFO] --- Validating Models Post-Aggregation ---
2026-02-26 11:52:41,846 [WARNING] Client 0: FID computed on only 1710 samples. Results may be statistically unreliable (need 2000+).
2026-02-26 11:52:44,444 [INFO] Client 0 Validation: PSNR=40.1956, SSIM=0.9753, LPIPS=0.0475, MSE=0.0001, FID=6.3763, Loss=0.0287
2026-02-26 11:53:04,698 [WARNING] Client 1: FID computed on only 1894 samples. Results may be statistically unreliable (need 2000+).
2026-02-26 11:53:07,185 [INFO] Client 1 Validation: PSNR=44.5242, SSIM=0.9879, LPIPS=0.0338, MSE=0.0000, FID=5.2047, Loss=0.0178
2026-02-26 11:53:20,795 [WARNING] Client 2: FID computed on only 1244 samples. Results may be statistically unreliable (need 2000+).
2026-02-26 11:53:28,874 [INFO] Client 2 Validation: PSNR=34.5601, SSIM=0.9695, LPIPS=0.0371, MSE=0.0004, FID=13.6472, Loss=0.0392
2026-02-26 11:53:46,510 [WARNING] Client 3: FID computed on only 1632 samples. Results may be statistically unreliable (need 2000+).
2026-02-26 11:53:49,136 [INFO] Client 3 Validation: PSNR=36.5648, SSIM=0.9693, LPIPS=0.0327, MSE=0.0002, FID=7.8724, Loss=0.0290
2026-02-26 11:53:49,136 [INFO] Global Average Validation: PSNR=38.9612, SSIM=0.9755, LPIPS=0.0378, MSE=0.000181, FID=8.2751, Loss=0.0287
2026-02-26 11:53:49,136 [INFO] New best validation PSNR: 38.9612 dB (SSIM=0.9755). Saving model state.
2026-02-26 11:53:49,274 [INFO] Saved best decoder for client 0
2026-02-26 11:53:49,373 [INFO] Saved best decoder for client 1
2026-02-26 11:53:49,469 [INFO] Saved best decoder for client 2
2026-02-26 11:53:49,564 [INFO] Saved best decoder for client 3
2026-02-26 11:53:49,565 [INFO] Client 0 Codebook Vitality | Top: active=1024, dead=0, entropy=6.058 | Bottom: active=1024, dead=0, entropy=6.283
2026-02-26 11:53:49,565 [INFO] Client 1 Codebook Vitality | Top: active=1024, dead=0, entropy=5.652 | Bottom: active=1024, dead=0, entropy=6.037
2026-02-26 11:53:49,566 [INFO] Client 2 Codebook Vitality | Top: active=1024, dead=0, entropy=4.767 | Bottom: active=1024, dead=0, entropy=5.699
2026-02-26 11:53:49,566 [INFO] Client 3 Codebook Vitality | Top: active=1024, dead=0, entropy=4.630 | Bottom: active=1024, dead=0, entropy=5.254
2026-02-26 11:53:49,647 [INFO] --- Evaluating Models Post-Aggregation ---
2026-02-26 11:53:50,179 [INFO] Client 0 Test Loss Components (1st batch): Recon=0.0102, Perceptual=0.0447, Structural=0.0015, VQ=0.0105
2026-02-26 11:54:08,051 [WARNING] Client 0: FID computed on only 1711 samples. Results may be statistically unreliable (need 2000+).
2026-02-26 11:54:10,689 [INFO] Client 0 Metrics: PSNR=40.3188, SSIM=0.9757, LPIPS=0.0468, MSE=0.000106, FID=6.4786, Loss=0.0282
2026-02-26 11:54:11,246 [INFO] Client 1 Test Loss Components (1st batch): Recon=0.0066, Perceptual=0.0351, Structural=0.0014, VQ=0.0093
2026-02-26 11:54:31,020 [WARNING] Client 1: FID computed on only 1895 samples. Results may be statistically unreliable (need 2000+).
2026-02-26 11:54:33,486 [INFO] Client 1 Metrics: PSNR=44.5273, SSIM=0.9879, LPIPS=0.0341, MSE=0.000036, FID=5.3922, Loss=0.0179
2026-02-26 11:54:34,050 [INFO] Client 2 Test Loss Components (1st batch): Recon=0.0174, Perceptual=0.0392, Structural=0.0021, VQ=0.0205
2026-02-26 11:54:47,082 [WARNING] Client 2: FID computed on only 1246 samples. Results may be statistically unreliable (need 2000+).
2026-02-26 11:54:57,792 [INFO] Client 2 Metrics: PSNR=34.5782, SSIM=0.9696, LPIPS=0.0369, MSE=0.000352, FID=13.8231, Loss=0.0391
2026-02-26 11:54:58,560 [INFO] Client 3 Test Loss Components (1st batch): Recon=0.0135, Perceptual=0.0406, Structural=0.0024, VQ=0.0257
2026-02-26 11:55:15,613 [WARNING] Client 3: FID computed on only 1633 samples. Results may be statistically unreliable (need 2000+).
2026-02-26 11:55:18,248 [INFO] Client 3 Metrics: PSNR=36.6724, SSIM=0.9699, LPIPS=0.0324, MSE=0.000220, FID=7.6694, Loss=0.0286
2026-02-26 11:55:18,248 [INFO] Global Average Metrics: PSNR=39.0242, SSIM=0.9758, LPIPS=0.0376, MSE=0.000178, FID=8.3408, Loss=0.0284
2026-02-26 11:55:18,881 [INFO] Metrics plot saved to: FedMedSR_results/FedMedSR/round_21/metrics_plot.png
2026-02-26 11:55:18,903 [INFO] ========== Starting Round 22/30 ==========
2026-02-26 11:55:18,904 [INFO] --- Training Client 0 ---
2026-02-26 12:01:04,796 [INFO] Client 0 > Epoch 1/5 | Total Loss: 0.0399 | Components: Recon=0.0098, Perceptual=0.0397, Structural=0.0017, Edge=0.0372, VQ=0.0155
2026-02-26 12:06:50,247 [INFO] Client 0 > Epoch 2/5 | Total Loss: 0.0342 | Components: Recon=0.0125, Perceptual=0.0421, Structural=0.0024, Edge=0.0479, VQ=0.0230
2026-02-26 12:12:35,932 [INFO] Client 0 > Epoch 3/5 | Total Loss: 0.0339 | Components: Recon=0.0085, Perceptual=0.0336, Structural=0.0014, Edge=0.0328, VQ=0.0126
2026-02-26 12:18:21,513 [INFO] Client 0 > Epoch 4/5 | Total Loss: 0.0336 | Components: Recon=0.0097, Perceptual=0.0374, Structural=0.0018, Edge=0.0362, VQ=0.0174
2026-02-26 12:24:07,524 [INFO] Client 0 > Epoch 5/5 | Total Loss: 0.0335 | Components: Recon=0.0103, Perceptual=0.0374, Structural=0.0021, Edge=0.0396, VQ=0.0191
2026-02-26 12:24:07,537 [INFO] --- Training Client 1 ---
2026-02-26 12:30:31,102 [INFO] Client 1 > Epoch 1/5 | Total Loss: 0.0255 | Components: Recon=0.0061, Perceptual=0.0283, Structural=0.0011, Edge=0.0215, VQ=0.0080
2026-02-26 12:36:55,332 [INFO] Client 1 > Epoch 2/5 | Total Loss: 0.0213 | Components: Recon=0.0062, Perceptual=0.0283, Structural=0.0009, Edge=0.0217, VQ=0.0071
2026-02-26 12:43:17,773 [INFO] Client 1 > Epoch 3/5 | Total Loss: 0.0210 | Components: Recon=0.0066, Perceptual=0.0259, Structural=0.0009, Edge=0.0246, VQ=0.0089
2026-02-26 12:49:40,272 [INFO] Client 1 > Epoch 4/5 | Total Loss: 0.0208 | Components: Recon=0.0073, Perceptual=0.0304, Structural=0.0009, Edge=0.0264, VQ=0.0094
2026-02-26 12:56:02,801 [INFO] Client 1 > Epoch 5/5 | Total Loss: 0.0207 | Components: Recon=0.0065, Perceptual=0.0257, Structural=0.0012, Edge=0.0238, VQ=0.0094
2026-02-26 12:56:02,815 [INFO] --- Training Client 2 ---
2026-02-26 13:00:14,215 [INFO] Client 2 > Epoch 1/5 | Total Loss: 0.0523 | Components: Recon=0.0163, Perceptual=0.0334, Structural=0.0016, Edge=0.0639, VQ=0.0587
2026-02-26 13:04:25,436 [INFO] Client 2 > Epoch 2/5 | Total Loss: 0.0487 | Components: Recon=0.0148, Perceptual=0.0316, Structural=0.0016, Edge=0.0561, VQ=0.0432
2026-02-26 13:08:37,352 [INFO] Client 2 > Epoch 3/5 | Total Loss: 0.0479 | Components: Recon=0.0145, Perceptual=0.0339, Structural=0.0020, Edge=0.0524, VQ=0.0246
2026-02-26 13:12:50,393 [INFO] Client 2 > Epoch 4/5 | Total Loss: 0.0475 | Components: Recon=0.0136, Perceptual=0.0249, Structural=0.0013, Edge=0.0503, VQ=0.0327
2026-02-26 13:17:03,263 [INFO] Client 2 > Epoch 5/5 | Total Loss: 0.0473 | Components: Recon=0.0151, Perceptual=0.0303, Structural=0.0015, Edge=0.0552, VQ=0.0444
2026-02-26 13:17:03,280 [INFO] --- Training Client 3 ---
2026-02-26 13:22:34,516 [INFO] Client 3 > Epoch 1/5 | Total Loss: 0.0415 | Components: Recon=0.0119, Perceptual=0.0298, Structural=0.0017, Edge=0.0469, VQ=0.0215
2026-02-26 13:28:05,781 [INFO] Client 3 > Epoch 2/5 | Total Loss: 0.0358 | Components: Recon=0.0106, Perceptual=0.0299, Structural=0.0017, Edge=0.0389, VQ=0.0213
2026-02-26 13:33:37,096 [INFO] Client 3 > Epoch 3/5 | Total Loss: 0.0353 | Components: Recon=0.0101, Perceptual=0.0250, Structural=0.0017, Edge=0.0371, VQ=0.0253
2026-02-26 13:39:07,846 [INFO] Client 3 > Epoch 4/5 | Total Loss: 0.0350 | Components: Recon=0.0116, Perceptual=0.0298, Structural=0.0020, Edge=0.0441, VQ=0.0192
2026-02-26 13:44:38,210 [INFO] Client 3 > Epoch 5/5 | Total Loss: 0.0348 | Components: Recon=0.0120, Perceptual=0.0303, Structural=0.0020, Edge=0.0457, VQ=0.0209
2026-02-26 13:44:38,221 [INFO] --- Server Aggregating Client Updates ---
2026-02-26 13:44:38,221 [INFO] Using Distribution-Aware Aggregation (FedMSR)
2026-02-26 13:44:38,226 [INFO] Distribution-Aware Aggregation Weights:
2026-02-26 13:44:38,226 [INFO] Client 0: weight=0.2569
2026-02-26 13:44:38,226 [INFO] Client 1: weight=0.2711
2026-02-26 13:44:38,226 [INFO] Client 2: weight=0.2210
2026-02-26 13:44:38,226 [INFO] Client 3: weight=0.2509
2026-02-26 13:44:38,244 [INFO] --- Validating Models Post-Aggregation ---
2026-02-26 13:44:56,848 [WARNING] Client 0: FID computed on only 1710 samples. Results may be statistically unreliable (need 2000+).
2026-02-26 13:44:59,463 [INFO] Client 0 Validation: PSNR=40.2112, SSIM=0.9754, LPIPS=0.0477, MSE=0.0001, FID=6.3981, Loss=0.0286
2026-02-26 13:45:20,053 [WARNING] Client 1: FID computed on only 1894 samples. Results may be statistically unreliable (need 2000+).
2026-02-26 13:45:22,737 [INFO] Client 1 Validation: PSNR=44.5653, SSIM=0.9880, LPIPS=0.0337, MSE=0.0000, FID=5.1506, Loss=0.0177
2026-02-26 13:45:36,489 [WARNING] Client 2: FID computed on only 1244 samples. Results may be statistically unreliable (need 2000+).
2026-02-26 13:45:47,890 [INFO] Client 2 Validation: PSNR=34.5674, SSIM=0.9696, LPIPS=0.0370, MSE=0.0004, FID=13.6281, Loss=0.0391
2026-02-26 13:46:05,879 [WARNING] Client 3: FID computed on only 1632 samples. Results may be statistically unreliable (need 2000+).
2026-02-26 13:46:08,564 [INFO] Client 3 Validation: PSNR=36.5604, SSIM=0.9693, LPIPS=0.0328, MSE=0.0002, FID=7.8994, Loss=0.0290
2026-02-26 13:46:08,564 [INFO] Global Average Validation: PSNR=38.9761, SSIM=0.9756, LPIPS=0.0378, MSE=0.000181, FID=8.2690, Loss=0.0286
2026-02-26 13:46:08,564 [INFO] New best validation PSNR: 38.9761 dB (SSIM=0.9756). Saving model state.
2026-02-26 13:46:08,713 [INFO] Saved best decoder for client 0
2026-02-26 13:46:08,821 [INFO] Saved best decoder for client 1
2026-02-26 13:46:08,944 [INFO] Saved best decoder for client 2
2026-02-26 13:46:09,051 [INFO] Saved best decoder for client 3
2026-02-26 13:46:09,052 [INFO] Client 0 Codebook Vitality | Top: active=1024, dead=0, entropy=6.292 | Bottom: active=1024, dead=0, entropy=6.314
2026-02-26 13:46:09,052 [INFO] Client 1 Codebook Vitality | Top: active=1024, dead=0, entropy=5.792 | Bottom: active=1024, dead=0, entropy=5.970
2026-02-26 13:46:09,053 [INFO] Client 2 Codebook Vitality | Top: active=1024, dead=0, entropy=4.773 | Bottom: active=1024, dead=0, entropy=5.865
2026-02-26 13:46:09,053 [INFO] Client 3 Codebook Vitality | Top: active=1024, dead=0, entropy=4.432 | Bottom: active=1024, dead=0, entropy=5.026
2026-02-26 13:46:09,129 [INFO] --- Evaluating Models Post-Aggregation ---
2026-02-26 13:46:09,754 [INFO] Client 0 Test Loss Components (1st batch): Recon=0.0101, Perceptual=0.0446, Structural=0.0015, VQ=0.0098
2026-02-26 13:46:27,853 [WARNING] Client 0: FID computed on only 1711 samples. Results may be statistically unreliable (need 2000+).
2026-02-26 13:46:30,495 [INFO] Client 0 Metrics: PSNR=40.3330, SSIM=0.9758, LPIPS=0.0469, MSE=0.000105, FID=6.5031, Loss=0.0281
2026-02-26 13:46:31,132 [INFO] Client 1 Test Loss Components (1st batch): Recon=0.0066, Perceptual=0.0349, Structural=0.0014, VQ=0.0085
2026-02-26 13:46:51,193 [WARNING] Client 1: FID computed on only 1895 samples. Results may be statistically unreliable (need 2000+).
2026-02-26 13:46:53,865 [INFO] Client 1 Metrics: PSNR=44.5679, SSIM=0.9879, LPIPS=0.0339, MSE=0.000035, FID=5.3210, Loss=0.0178
2026-02-26 13:46:54,514 [INFO] Client 2 Test Loss Components (1st batch): Recon=0.0174, Perceptual=0.0393, Structural=0.0020, VQ=0.0198
2026-02-26 13:47:07,678 [WARNING] Client 2: FID computed on only 1246 samples. Results may be statistically unreliable (need 2000+).
2026-02-26 13:47:17,767 [INFO] Client 2 Metrics: PSNR=34.5843, SSIM=0.9697, LPIPS=0.0369, MSE=0.000352, FID=13.7754, Loss=0.0390
2026-02-26 13:47:18,613 [INFO] Client 3 Test Loss Components (1st batch): Recon=0.0134, Perceptual=0.0408, Structural=0.0024, VQ=0.0250
2026-02-26 13:47:35,827 [WARNING] Client 3: FID computed on only 1633 samples. Results may be statistically unreliable (need 2000+).
2026-02-26 13:47:38,378 [INFO] Client 3 Metrics: PSNR=36.6695, SSIM=0.9699, LPIPS=0.0325, MSE=0.000220, FID=7.7038, Loss=0.0286
2026-02-26 13:47:38,378 [INFO] Global Average Metrics: PSNR=39.0387, SSIM=0.9758, LPIPS=0.0376, MSE=0.000178, FID=8.3258, Loss=0.0284
2026-02-26 13:47:39,028 [INFO] Metrics plot saved to: FedMedSR_results/FedMedSR/round_22/metrics_plot.png
2026-02-26 13:47:39,052 [INFO] ========== Starting Round 23/30 ==========
2026-02-26 13:47:39,053 [INFO] --- Training Client 0 ---
2026-02-26 13:53:25,366 [INFO] Client 0 > Epoch 1/5 | Total Loss: 0.0467 | Components: Recon=0.0083, Perceptual=0.0308, Structural=0.0014, Edge=0.0323, VQ=0.0146
2026-02-26 13:59:12,331 [INFO] Client 0 > Epoch 2/5 | Total Loss: 0.0342 | Components: Recon=0.0087, Perceptual=0.0420, Structural=0.0017, Edge=0.0331, VQ=0.0146
2026-02-26 14:05:00,543 [INFO] Client 0 > Epoch 3/5 | Total Loss: 0.0338 | Components: Recon=0.0107, Perceptual=0.0381, Structural=0.0022, Edge=0.0380, VQ=0.0177
2026-02-26 14:10:48,609 [INFO] Client 0 > Epoch 4/5 | Total Loss: 0.0336 | Components: Recon=0.0085, Perceptual=0.0345, Structural=0.0012, Edge=0.0316, VQ=0.0143
2026-02-26 14:16:37,015 [INFO] Client 0 > Epoch 5/5 | Total Loss: 0.0335 | Components: Recon=0.0100, Perceptual=0.0425, Structural=0.0017, Edge=0.0371, VQ=0.0151
2026-02-26 14:16:37,025 [INFO] --- Training Client 1 ---
2026-02-26 14:23:02,527 [INFO] Client 1 > Epoch 1/5 | Total Loss: 0.0243 | Components: Recon=0.0058, Perceptual=0.0257, Structural=0.0011, Edge=0.0207, VQ=0.0088
2026-02-26 14:29:27,565 [INFO] Client 1 > Epoch 2/5 | Total Loss: 0.0213 | Components: Recon=0.0067, Perceptual=0.0288, Structural=0.0012, Edge=0.0237, VQ=0.0164
2026-02-26 14:35:52,085 [INFO] Client 1 > Epoch 3/5 | Total Loss: 0.0210 | Components: Recon=0.0068, Perceptual=0.0301, Structural=0.0013, Edge=0.0236, VQ=0.0079
2026-02-26 14:42:15,730 [INFO] Client 1 > Epoch 4/5 | Total Loss: 0.0208 | Components: Recon=0.0056, Perceptual=0.0232, Structural=0.0009, Edge=0.0195, VQ=0.0077
2026-02-26 14:48:38,775 [INFO] Client 1 > Epoch 5/5 | Total Loss: 0.0207 | Components: Recon=0.0067, Perceptual=0.0281, Structural=0.0009, Edge=0.0237, VQ=0.0087
2026-02-26 14:48:38,798 [INFO] --- Training Client 2 ---
2026-02-26 14:52:51,512 [INFO] Client 2 > Epoch 1/5 | Total Loss: 0.0716 | Components: Recon=0.0139, Perceptual=0.0308, Structural=0.0018, Edge=0.0520, VQ=0.0989
2026-02-26 14:57:03,335 [INFO] Client 2 > Epoch 2/5 | Total Loss: 0.0486 | Components: Recon=0.0121, Perceptual=0.0234, Structural=0.0013, Edge=0.0436, VQ=0.0285
2026-02-26 15:01:15,797 [INFO] Client 2 > Epoch 3/5 | Total Loss: 0.0477 | Components: Recon=0.0137, Perceptual=0.0308, Structural=0.0016, Edge=0.0505, VQ=0.0247
2026-02-26 15:05:27,762 [INFO] Client 2 > Epoch 4/5 | Total Loss: 0.0474 | Components: Recon=0.0139, Perceptual=0.0272, Structural=0.0014, Edge=0.0519, VQ=0.0375
2026-02-26 15:09:40,197 [INFO] Client 2 > Epoch 5/5 | Total Loss: 0.0471 | Components: Recon=0.0130, Perceptual=0.0261, Structural=0.0014, Edge=0.0468, VQ=0.0355
2026-02-26 15:09:40,214 [INFO] --- Training Client 3 ---
2026-02-26 15:15:11,594 [INFO] Client 3 > Epoch 1/5 | Total Loss: 0.0472 | Components: Recon=0.0108, Perceptual=0.0293, Structural=0.0019, Edge=0.0405, VQ=0.0139
2026-02-26 15:20:41,960 [INFO] Client 3 > Epoch 2/5 | Total Loss: 0.0357 | Components: Recon=0.0132, Perceptual=0.0367, Structural=0.0028, Edge=0.0498, VQ=0.0195
2026-02-26 15:26:11,835 [INFO] Client 3 > Epoch 3/5 | Total Loss: 0.0351 | Components: Recon=0.0107, Perceptual=0.0315, Structural=0.0018, Edge=0.0408, VQ=0.0149
2026-02-26 15:31:41,559 [INFO] Client 3 > Epoch 4/5 | Total Loss: 0.0348 | Components: Recon=0.0100, Perceptual=0.0240, Structural=0.0016, Edge=0.0376, VQ=0.0215
2026-02-26 15:37:11,903 [INFO] Client 3 > Epoch 5/5 | Total Loss: 0.0347 | Components: Recon=0.0116, Perceptual=0.0314, Structural=0.0023, Edge=0.0432, VQ=0.0134
2026-02-26 15:37:11,915 [INFO] --- Server Aggregating Client Updates ---
2026-02-26 15:37:11,915 [INFO] Using Distribution-Aware Aggregation (FedMSR)
2026-02-26 15:37:11,926 [INFO] Distribution-Aware Aggregation Weights:
2026-02-26 15:37:11,927 [INFO] Client 0: weight=0.2569
2026-02-26 15:37:11,927 [INFO] Client 1: weight=0.2711
2026-02-26 15:37:11,927 [INFO] Client 2: weight=0.2210
2026-02-26 15:37:11,927 [INFO] Client 3: weight=0.2509
2026-02-26 15:37:11,945 [INFO] --- Validating Models Post-Aggregation ---
2026-02-26 15:37:30,385 [WARNING] Client 0: FID computed on only 1710 samples. Results may be statistically unreliable (need 2000+).
2026-02-26 15:37:33,172 [INFO] Client 0 Validation: PSNR=40.2479, SSIM=0.9754, LPIPS=0.0472, MSE=0.0001, FID=6.3500, Loss=0.0285
2026-02-26 15:37:53,528 [WARNING] Client 1: FID computed on only 1894 samples. Results may be statistically unreliable (need 2000+).
2026-02-26 15:37:56,372 [INFO] Client 1 Validation: PSNR=44.5826, SSIM=0.9880, LPIPS=0.0339, MSE=0.0000, FID=5.2074, Loss=0.0177
2026-02-26 15:38:10,019 [WARNING] Client 2: FID computed on only 1244 samples. Results may be statistically unreliable (need 2000+).
2026-02-26 15:38:20,090 [INFO] Client 2 Validation: PSNR=34.5697, SSIM=0.9696, LPIPS=0.0370, MSE=0.0004, FID=13.6263, Loss=0.0391
2026-02-26 15:38:37,924 [WARNING] Client 3: FID computed on only 1632 samples. Results may be statistically unreliable (need 2000+).
2026-02-26 15:38:40,716 [INFO] Client 3 Validation: PSNR=36.5291, SSIM=0.9692, LPIPS=0.0326, MSE=0.0002, FID=7.8258, Loss=0.0290
2026-02-26 15:38:40,716 [INFO] Global Average Validation: PSNR=38.9823, SSIM=0.9755, LPIPS=0.0377, MSE=0.000181, FID=8.2524, Loss=0.0286
2026-02-26 15:38:40,716 [INFO] New best validation PSNR: 38.9823 dB (SSIM=0.9755). Saving model state.
2026-02-26 15:38:40,858 [INFO] Saved best decoder for client 0
2026-02-26 15:38:40,964 [INFO] Saved best decoder for client 1
2026-02-26 15:38:41,065 [INFO] Saved best decoder for client 2
2026-02-26 15:38:41,167 [INFO] Saved best decoder for client 3
2026-02-26 15:38:41,168 [INFO] Client 0 Codebook Vitality | Top: active=1024, dead=0, entropy=6.265 | Bottom: active=1024, dead=0, entropy=6.407
2026-02-26 15:38:41,169 [INFO] Client 1 Codebook Vitality | Top: active=1024, dead=0, entropy=5.626 | Bottom: active=1024, dead=0, entropy=5.838
2026-02-26 15:38:41,169 [INFO] Client 2 Codebook Vitality | Top: active=1024, dead=0, entropy=4.729 | Bottom: active=1024, dead=0, entropy=5.521
2026-02-26 15:38:41,169 [INFO] Client 3 Codebook Vitality | Top: active=1024, dead=0, entropy=4.784 | Bottom: active=1024, dead=0, entropy=5.516
2026-02-26 15:38:41,250 [INFO] --- Evaluating Models Post-Aggregation ---
2026-02-26 15:38:41,807 [INFO] Client 0 Test Loss Components (1st batch): Recon=0.0101, Perceptual=0.0440, Structural=0.0015, VQ=0.0104
2026-02-26 15:38:59,660 [WARNING] Client 0: FID computed on only 1711 samples. Results may be statistically unreliable (need 2000+).
2026-02-26 15:39:02,523 [INFO] Client 0 Metrics: PSNR=40.3715, SSIM=0.9758, LPIPS=0.0465, MSE=0.000105, FID=6.4421, Loss=0.0280
2026-02-26 15:39:03,105 [INFO] Client 1 Test Loss Components (1st batch): Recon=0.0065, Perceptual=0.0349, Structural=0.0014, VQ=0.0090
2026-02-26 15:39:22,966 [WARNING] Client 1: FID computed on only 1895 samples. Results may be statistically unreliable (need 2000+).
2026-02-26 15:39:25,732 [INFO] Client 1 Metrics: PSNR=44.5858, SSIM=0.9880, LPIPS=0.0341, MSE=0.000035, FID=5.3747, Loss=0.0178
2026-02-26 15:39:26,325 [INFO] Client 2 Test Loss Components (1st batch): Recon=0.0174, Perceptual=0.0392, Structural=0.0020, VQ=0.0206
2026-02-26 15:39:39,560 [WARNING] Client 2: FID computed on only 1246 samples. Results may be statistically unreliable (need 2000+).
2026-02-26 15:39:51,568 [INFO] Client 2 Metrics: PSNR=34.5887, SSIM=0.9697, LPIPS=0.0368, MSE=0.000351, FID=13.7886, Loss=0.0390
2026-02-26 15:39:52,381 [INFO] Client 3 Test Loss Components (1st batch): Recon=0.0135, Perceptual=0.0406, Structural=0.0024, VQ=0.0247
2026-02-26 15:40:09,537 [WARNING] Client 3: FID computed on only 1633 samples. Results may be statistically unreliable (need 2000+).
2026-02-26 15:40:12,383 [INFO] Client 3 Metrics: PSNR=36.6461, SSIM=0.9698, LPIPS=0.0323, MSE=0.000221, FID=7.6126, Loss=0.0286
2026-02-26 15:40:12,384 [INFO] Global Average Metrics: PSNR=39.0480, SSIM=0.9758, LPIPS=0.0374, MSE=0.000178, FID=8.3045, Loss=0.0284
2026-02-26 15:40:13,084 [INFO] Metrics plot saved to: FedMedSR_results/FedMedSR/round_23/metrics_plot.png
2026-02-26 15:40:13,114 [INFO] ========== Starting Round 24/30 ==========
2026-02-26 15:40:13,115 [INFO] --- Training Client 0 ---
2026-02-26 15:46:00,211 [INFO] Client 0 > Epoch 1/5 | Total Loss: 0.0431 | Components: Recon=0.0141, Perceptual=0.0490, Structural=0.0026, Edge=0.0508, VQ=0.0354
2026-02-26 15:51:47,152 [INFO] Client 0 > Epoch 2/5 | Total Loss: 0.0413 | Components: Recon=0.0098, Perceptual=0.0384, Structural=0.0017, Edge=0.0356, VQ=0.0144
2026-02-26 15:57:34,309 [INFO] Client 0 > Epoch 3/5 | Total Loss: 0.0337 | Components: Recon=0.0085, Perceptual=0.0359, Structural=0.0012, Edge=0.0325, VQ=0.0141
2026-02-26 16:03:21,642 [INFO] Client 0 > Epoch 4/5 | Total Loss: 0.0335 | Components: Recon=0.0140, Perceptual=0.0486, Structural=0.0030, Edge=0.0495, VQ=0.0273
2026-02-26 16:09:09,023 [INFO] Client 0 > Epoch 5/5 | Total Loss: 0.0334 | Components: Recon=0.0076, Perceptual=0.0316, Structural=0.0013, Edge=0.0284, VQ=0.0127
2026-02-26 16:09:09,036 [INFO] --- Training Client 1 ---
2026-02-26 16:15:34,151 [INFO] Client 1 > Epoch 1/5 | Total Loss: 0.0347 | Components: Recon=0.0064, Perceptual=0.0278, Structural=0.0009, Edge=0.0226, VQ=0.0083
2026-02-26 16:21:58,642 [INFO] Client 1 > Epoch 2/5 | Total Loss: 0.0212 | Components: Recon=0.0064, Perceptual=0.0269, Structural=0.0010, Edge=0.0227, VQ=0.0076
2026-02-26 16:28:23,042 [INFO] Client 1 > Epoch 3/5 | Total Loss: 0.0208 | Components: Recon=0.0053, Perceptual=0.0209, Structural=0.0010, Edge=0.0186, VQ=0.0071
2026-02-26 16:34:47,985 [INFO] Client 1 > Epoch 4/5 | Total Loss: 0.0207 | Components: Recon=0.0067, Perceptual=0.0266, Structural=0.0011, Edge=0.0240, VQ=0.0089
2026-02-26 16:41:12,450 [INFO] Client 1 > Epoch 5/5 | Total Loss: 0.0206 | Components: Recon=0.0063, Perceptual=0.0251, Structural=0.0010, Edge=0.0227, VQ=0.0101
2026-02-26 16:41:12,458 [INFO] --- Training Client 2 ---
2026-02-26 16:45:45,693 [INFO] Client 2 > Epoch 1/5 | Total Loss: 0.0686 | Components: Recon=0.0142, Perceptual=0.0287, Structural=0.0016, Edge=0.0529, VQ=0.0591
2026-02-26 16:50:25,408 [INFO] Client 2 > Epoch 2/5 | Total Loss: 0.0484 | Components: Recon=0.0113, Perceptual=0.0221, Structural=0.0012, Edge=0.0407, VQ=0.0293
2026-02-26 16:54:52,073 [INFO] Client 2 > Epoch 3/5 | Total Loss: 0.0476 | Components: Recon=0.0156, Perceptual=0.0346, Structural=0.0018, Edge=0.0578, VQ=0.0363
2026-02-26 16:59:08,538 [INFO] Client 2 > Epoch 4/5 | Total Loss: 0.0472 | Components: Recon=0.0129, Perceptual=0.0284, Structural=0.0017, Edge=0.0469, VQ=0.0284
2026-02-26 17:03:48,338 [INFO] Client 2 > Epoch 5/5 | Total Loss: 0.0470 | Components: Recon=0.0141, Perceptual=0.0290, Structural=0.0017, Edge=0.0509, VQ=0.0337
2026-02-26 17:03:48,347 [INFO] --- Training Client 3 ---
2026-02-26 17:09:29,028 [INFO] Client 3 > Epoch 1/5 | Total Loss: 0.0406 | Components: Recon=0.0112, Perceptual=0.0284, Structural=0.0020, Edge=0.0433, VQ=0.0155
2026-02-26 17:14:59,680 [INFO] Client 3 > Epoch 2/5 | Total Loss: 0.0356 | Components: Recon=0.0111, Perceptual=0.0291, Structural=0.0020, Edge=0.0431, VQ=0.0213
2026-02-26 17:20:29,990 [INFO] Client 3 > Epoch 3/5 | Total Loss: 0.0351 | Components: Recon=0.0105, Perceptual=0.0301, Structural=0.0020, Edge=0.0403, VQ=0.0116
2026-02-26 17:26:03,241 [INFO] Client 3 > Epoch 4/5 | Total Loss: 0.0348 | Components: Recon=0.0107, Perceptual=0.0264, Structural=0.0020, Edge=0.0399, VQ=0.0170
2026-02-26 17:31:34,112 [INFO] Client 3 > Epoch 5/5 | Total Loss: 0.0346 | Components: Recon=0.0101, Perceptual=0.0236, Structural=0.0015, Edge=0.0379, VQ=0.0233
2026-02-26 17:31:34,125 [INFO] --- Server Aggregating Client Updates ---
2026-02-26 17:31:34,125 [INFO] Using Distribution-Aware Aggregation (FedMSR)
2026-02-26 17:31:34,131 [INFO] Distribution-Aware Aggregation Weights:
2026-02-26 17:31:34,131 [INFO] Client 0: weight=0.2569
2026-02-26 17:31:34,131 [INFO] Client 1: weight=0.2711
2026-02-26 17:31:34,131 [INFO] Client 2: weight=0.2210
2026-02-26 17:31:34,131 [INFO] Client 3: weight=0.2509
2026-02-26 17:31:34,147 [INFO] --- Validating Models Post-Aggregation ---
2026-02-26 17:31:52,545 [WARNING] Client 0: FID computed on only 1710 samples. Results may be statistically unreliable (need 2000+).
2026-02-26 17:31:55,228 [INFO] Client 0 Validation: PSNR=40.2930, SSIM=0.9755, LPIPS=0.0470, MSE=0.0001, FID=6.2550, Loss=0.0292
2026-02-26 17:32:15,526 [WARNING] Client 1: FID computed on only 1894 samples. Results may be statistically unreliable (need 2000+).
2026-02-26 17:32:18,174 [INFO] Client 1 Validation: PSNR=44.6169, SSIM=0.9881, LPIPS=0.0336, MSE=0.0000, FID=5.2001, Loss=0.0185
2026-02-26 17:32:31,805 [WARNING] Client 2: FID computed on only 1244 samples. Results may be statistically unreliable (need 2000+).
2026-02-26 17:32:42,231 [INFO] Client 2 Validation: PSNR=34.5737, SSIM=0.9696, LPIPS=0.0370, MSE=0.0004, FID=13.5654, Loss=0.0400
2026-02-26 17:32:59,954 [WARNING] Client 3: FID computed on only 1632 samples. Results may be statistically unreliable (need 2000+).
2026-02-26 17:33:02,538 [INFO] Client 3 Validation: PSNR=36.5388, SSIM=0.9692, LPIPS=0.0327, MSE=0.0002, FID=7.8340, Loss=0.0298
2026-02-26 17:33:02,538 [INFO] Global Average Validation: PSNR=39.0056, SSIM=0.9756, LPIPS=0.0376, MSE=0.000180, FID=8.2136, Loss=0.0294
2026-02-26 17:33:02,538 [INFO] New best validation PSNR: 39.0056 dB (SSIM=0.9756). Saving model state.
2026-02-26 17:33:02,661 [INFO] Saved best decoder for client 0
2026-02-26 17:33:02,756 [INFO] Saved best decoder for client 1
2026-02-26 17:33:02,847 [INFO] Saved best decoder for client 2
2026-02-26 17:33:02,941 [INFO] Saved best decoder for client 3
2026-02-26 17:33:02,942 [INFO] Client 0 Codebook Vitality | Top: active=1024, dead=0, entropy=6.223 | Bottom: active=1024, dead=0, entropy=5.942
2026-02-26 17:33:02,943 [INFO] Client 1 Codebook Vitality | Top: active=1024, dead=0, entropy=5.763 | Bottom: active=1024, dead=0, entropy=5.638
2026-02-26 17:33:02,943 [INFO] Client 2 Codebook Vitality | Top: active=1024, dead=0, entropy=4.781 | Bottom: active=1024, dead=0, entropy=5.501
2026-02-26 17:33:02,943 [INFO] Client 3 Codebook Vitality | Top: active=1024, dead=0, entropy=4.662 | Bottom: active=1024, dead=0, entropy=5.164
2026-02-26 17:33:03,021 [INFO] --- Evaluating Models Post-Aggregation ---
2026-02-26 17:33:03,601 [INFO] Client 0 Test Loss Components (1st batch): Recon=0.0101, Perceptual=0.0439, Structural=0.0015, VQ=0.0238
2026-02-26 17:33:21,593 [WARNING] Client 0: FID computed on only 1711 samples. Results may be statistically unreliable (need 2000+).
2026-02-26 17:33:24,169 [INFO] Client 0 Metrics: PSNR=40.4162, SSIM=0.9759, LPIPS=0.0463, MSE=0.000104, FID=6.3539, Loss=0.0287
2026-02-26 17:33:24,779 [INFO] Client 1 Test Loss Components (1st batch): Recon=0.0065, Perceptual=0.0347, Structural=0.0013, VQ=0.0222
2026-02-26 17:33:44,578 [WARNING] Client 1: FID computed on only 1895 samples. Results may be statistically unreliable (need 2000+).
2026-02-26 17:33:47,237 [INFO] Client 1 Metrics: PSNR=44.6187, SSIM=0.9881, LPIPS=0.0339, MSE=0.000035, FID=5.3838, Loss=0.0185
2026-02-26 17:33:47,812 [INFO] Client 2 Test Loss Components (1st batch): Recon=0.0174, Perceptual=0.0391, Structural=0.0021, VQ=0.0346
2026-02-26 17:34:00,900 [WARNING] Client 2: FID computed on only 1246 samples. Results may be statistically unreliable (need 2000+).
2026-02-26 17:34:09,897 [INFO] Client 2 Metrics: PSNR=34.5930, SSIM=0.9697, LPIPS=0.0369, MSE=0.000351, FID=13.7033, Loss=0.0398
2026-02-26 17:34:10,771 [INFO] Client 3 Test Loss Components (1st batch): Recon=0.0135, Perceptual=0.0410, Structural=0.0025, VQ=0.0378
2026-02-26 17:34:27,981 [WARNING] Client 3: FID computed on only 1633 samples. Results may be statistically unreliable (need 2000+).
2026-02-26 17:34:30,479 [INFO] Client 3 Metrics: PSNR=36.6515, SSIM=0.9698, LPIPS=0.0324, MSE=0.000221, FID=7.6282, Loss=0.0294
2026-02-26 17:34:30,479 [INFO] Global Average Metrics: PSNR=39.0699, SSIM=0.9759, LPIPS=0.0374, MSE=0.000178, FID=8.2673, Loss=0.0291
2026-02-26 17:34:31,142 [INFO] Metrics plot saved to: FedMedSR_results/FedMedSR/round_24/metrics_plot.png
2026-02-26 17:34:31,164 [INFO] ========== Starting Round 25/30 ==========
2026-02-26 17:34:31,165 [INFO] --- Training Client 0 ---
2026-02-26 17:40:17,431 [INFO] Client 0 > Epoch 1/5 | Total Loss: 0.0395 | Components: Recon=0.0080, Perceptual=0.0287, Structural=0.0013, Edge=0.0306, VQ=0.0163
2026-02-26 17:46:03,274 [INFO] Client 0 > Epoch 2/5 | Total Loss: 0.0348 | Components: Recon=0.0105, Perceptual=0.0362, Structural=0.0013, Edge=0.0399, VQ=0.0210
2026-02-26 17:51:49,298 [INFO] Client 0 > Epoch 3/5 | Total Loss: 0.0337 | Components: Recon=0.0091, Perceptual=0.0355, Structural=0.0017, Edge=0.0336, VQ=0.0145
2026-02-26 17:57:35,331 [INFO] Client 0 > Epoch 4/5 | Total Loss: 0.0335 | Components: Recon=0.0091, Perceptual=0.0365, Structural=0.0016, Edge=0.0320, VQ=0.0163
2026-02-26 18:03:21,511 [INFO] Client 0 > Epoch 5/5 | Total Loss: 0.0334 | Components: Recon=0.0178, Perceptual=0.0596, Structural=0.0037, Edge=0.0615, VQ=0.0434
2026-02-26 18:03:21,519 [INFO] --- Training Client 1 ---
2026-02-26 18:09:45,040 [INFO] Client 1 > Epoch 1/5 | Total Loss: 0.0247 | Components: Recon=0.0066, Perceptual=0.0287, Structural=0.0011, Edge=0.0235, VQ=0.0102
2026-02-26 18:16:09,110 [INFO] Client 1 > Epoch 2/5 | Total Loss: 0.0222 | Components: Recon=0.0053, Perceptual=0.0225, Structural=0.0009, Edge=0.0178, VQ=0.0069
2026-02-26 18:22:33,657 [INFO] Client 1 > Epoch 3/5 | Total Loss: 0.0209 | Components: Recon=0.0069, Perceptual=0.0289, Structural=0.0013, Edge=0.0243, VQ=0.0090
2026-02-26 18:28:58,257 [INFO] Client 1 > Epoch 4/5 | Total Loss: 0.0206 | Components: Recon=0.0067, Perceptual=0.0281, Structural=0.0009, Edge=0.0235, VQ=0.0086
2026-02-26 18:35:22,930 [INFO] Client 1 > Epoch 5/5 | Total Loss: 0.0206 | Components: Recon=0.0065, Perceptual=0.0257, Structural=0.0010, Edge=0.0225, VQ=0.0086
2026-02-26 18:35:22,943 [INFO] --- Training Client 2 ---
2026-02-26 18:39:35,552 [INFO] Client 2 > Epoch 1/5 | Total Loss: 0.0620 | Components: Recon=0.0125, Perceptual=0.0259, Structural=0.0014, Edge=0.0473, VQ=0.0426
2026-02-26 18:43:48,353 [INFO] Client 2 > Epoch 2/5 | Total Loss: 0.0493 | Components: Recon=0.0137, Perceptual=0.0286, Structural=0.0014, Edge=0.0512, VQ=0.0365
2026-02-26 18:48:01,102 [INFO] Client 2 > Epoch 3/5 | Total Loss: 0.0474 | Components: Recon=0.0152, Perceptual=0.0304, Structural=0.0016, Edge=0.0574, VQ=0.0422
2026-02-26 18:52:13,782 [INFO] Client 2 > Epoch 4/5 | Total Loss: 0.0471 | Components: Recon=0.0142, Perceptual=0.0289, Structural=0.0015, Edge=0.0523, VQ=0.0424
2026-02-26 18:56:25,857 [INFO] Client 2 > Epoch 5/5 | Total Loss: 0.0468 | Components: Recon=0.0123, Perceptual=0.0260, Structural=0.0015, Edge=0.0437, VQ=0.0301
2026-02-26 18:56:25,866 [INFO] --- Training Client 3 ---
2026-02-26 19:01:56,485 [INFO] Client 3 > Epoch 1/5 | Total Loss: 0.0422 | Components: Recon=0.0094, Perceptual=0.0242, Structural=0.0016, Edge=0.0351, VQ=0.0158
2026-02-26 19:07:27,440 [INFO] Client 3 > Epoch 2/5 | Total Loss: 0.0355 | Components: Recon=0.0131, Perceptual=0.0373, Structural=0.0024, Edge=0.0494, VQ=0.0185
2026-02-26 19:13:00,501 [INFO] Client 3 > Epoch 3/5 | Total Loss: 0.0349 | Components: Recon=0.0112, Perceptual=0.0383, Structural=0.0020, Edge=0.0420, VQ=0.0152
2026-02-26 19:18:30,712 [INFO] Client 3 > Epoch 4/5 | Total Loss: 0.0347 | Components: Recon=0.0108, Perceptual=0.0237, Structural=0.0017, Edge=0.0397, VQ=0.0209
2026-02-26 19:24:01,380 [INFO] Client 3 > Epoch 5/5 | Total Loss: 0.0345 | Components: Recon=0.0106, Perceptual=0.0276, Structural=0.0017, Edge=0.0392, VQ=0.0151
2026-02-26 19:24:01,396 [INFO] --- Server Aggregating Client Updates ---
2026-02-26 19:24:01,396 [INFO] Using Distribution-Aware Aggregation (FedMSR)
2026-02-26 19:24:01,402 [INFO] Distribution-Aware Aggregation Weights:
2026-02-26 19:24:01,402 [INFO] Client 0: weight=0.2569
2026-02-26 19:24:01,402 [INFO] Client 1: weight=0.2711
2026-02-26 19:24:01,402 [INFO] Client 2: weight=0.2210
2026-02-26 19:24:01,402 [INFO] Client 3: weight=0.2509
2026-02-26 19:24:01,419 [INFO] --- Validating Models Post-Aggregation ---
2026-02-26 19:24:19,989 [WARNING] Client 0: FID computed on only 1710 samples. Results may be statistically unreliable (need 2000+).
2026-02-26 19:24:22,738 [INFO] Client 0 Validation: PSNR=40.3044, SSIM=0.9755, LPIPS=0.0470, MSE=0.0001, FID=6.3116, Loss=0.0284
2026-02-26 19:24:43,335 [WARNING] Client 1: FID computed on only 1894 samples. Results may be statistically unreliable (need 2000+).
2026-02-26 19:24:45,675 [INFO] Client 1 Validation: PSNR=44.6171, SSIM=0.9881, LPIPS=0.0335, MSE=0.0000, FID=5.0615, Loss=0.0177
2026-02-26 19:24:59,290 [WARNING] Client 2: FID computed on only 1244 samples. Results may be statistically unreliable (need 2000+).
2026-02-26 19:25:10,467 [INFO] Client 2 Validation: PSNR=34.5890, SSIM=0.9697, LPIPS=0.0370, MSE=0.0004, FID=13.5739, Loss=0.0391
2026-02-26 19:25:28,401 [WARNING] Client 3: FID computed on only 1632 samples. Results may be statistically unreliable (need 2000+).
2026-02-26 19:25:30,754 [INFO] Client 3 Validation: PSNR=36.5377, SSIM=0.9691, LPIPS=0.0327, MSE=0.0002, FID=7.8098, Loss=0.0290
2026-02-26 19:25:30,754 [INFO] Global Average Validation: PSNR=39.0121, SSIM=0.9756, LPIPS=0.0376, MSE=0.000180, FID=8.1892, Loss=0.0286
2026-02-26 19:25:30,754 [INFO] New best validation PSNR: 39.0121 dB (SSIM=0.9756). Saving model state.
2026-02-26 19:25:30,896 [INFO] Saved best decoder for client 0
2026-02-26 19:25:30,992 [INFO] Saved best decoder for client 1
2026-02-26 19:25:31,088 [INFO] Saved best decoder for client 2
2026-02-26 19:25:31,181 [INFO] Saved best decoder for client 3
2026-02-26 19:25:31,183 [INFO] Client 0 Codebook Vitality | Top: active=1024, dead=0, entropy=6.163 | Bottom: active=1024, dead=0, entropy=6.503
2026-02-26 19:25:31,183 [INFO] Client 1 Codebook Vitality | Top: active=1024, dead=0, entropy=5.622 | Bottom: active=1024, dead=0, entropy=6.330
2026-02-26 19:25:31,183 [INFO] Client 2 Codebook Vitality | Top: active=1024, dead=0, entropy=4.836 | Bottom: active=1024, dead=0, entropy=5.984
2026-02-26 19:25:31,184 [INFO] Client 3 Codebook Vitality | Top: active=1024, dead=0, entropy=4.492 | Bottom: active=1024, dead=0, entropy=5.167
2026-02-26 19:25:31,259 [INFO] --- Evaluating Models Post-Aggregation ---
2026-02-26 19:25:31,821 [INFO] Client 0 Test Loss Components (1st batch): Recon=0.0100, Perceptual=0.0437, Structural=0.0015, VQ=0.0105
2026-02-26 19:25:49,733 [WARNING] Client 0: FID computed on only 1711 samples. Results may be statistically unreliable (need 2000+).
2026-02-26 19:25:52,142 [INFO] Client 0 Metrics: PSNR=40.4247, SSIM=0.9759, LPIPS=0.0463, MSE=0.000103, FID=6.4199, Loss=0.0279
2026-02-26 19:25:52,708 [INFO] Client 1 Test Loss Components (1st batch): Recon=0.0065, Perceptual=0.0348, Structural=0.0014, VQ=0.0089
2026-02-26 19:26:12,530 [WARNING] Client 1: FID computed on only 1895 samples. Results may be statistically unreliable (need 2000+).
2026-02-26 19:26:14,944 [INFO] Client 1 Metrics: PSNR=44.6202, SSIM=0.9881, LPIPS=0.0338, MSE=0.000035, FID=5.2515, Loss=0.0177
2026-02-26 19:26:15,490 [INFO] Client 2 Test Loss Components (1st batch): Recon=0.0174, Perceptual=0.0392, Structural=0.0020, VQ=0.0212
2026-02-26 19:26:28,538 [WARNING] Client 2: FID computed on only 1246 samples. Results may be statistically unreliable (need 2000+).
2026-02-26 19:26:38,405 [INFO] Client 2 Metrics: PSNR=34.6055, SSIM=0.9698, LPIPS=0.0369, MSE=0.000350, FID=13.6908, Loss=0.0390
2026-02-26 19:26:39,181 [INFO] Client 3 Test Loss Components (1st batch): Recon=0.0135, Perceptual=0.0410, Structural=0.0024, VQ=0.0255
2026-02-26 19:26:56,348 [WARNING] Client 3: FID computed on only 1633 samples. Results may be statistically unreliable (need 2000+).
2026-02-26 19:26:58,694 [INFO] Client 3 Metrics: PSNR=36.6518, SSIM=0.9697, LPIPS=0.0324, MSE=0.000221, FID=7.5990, Loss=0.0287
2026-02-26 19:26:58,694 [INFO] Global Average Metrics: PSNR=39.0755, SSIM=0.9759, LPIPS=0.0373, MSE=0.000177, FID=8.2403, Loss=0.0283
2026-02-26 19:26:59,575 [INFO] Metrics plot saved to: FedMedSR_results/FedMedSR/round_25/metrics_plot.png
2026-02-26 19:26:59,596 [INFO] ========== Starting Round 26/30 ==========
2026-02-26 19:26:59,597 [INFO] --- Training Client 0 ---
2026-02-26 19:32:46,203 [INFO] Client 0 > Epoch 1/5 | Total Loss: 0.0454 | Components: Recon=0.0079, Perceptual=0.0269, Structural=0.0013, Edge=0.0306, VQ=0.0159
2026-02-26 19:38:32,731 [INFO] Client 0 > Epoch 2/5 | Total Loss: 0.0343 | Components: Recon=0.0106, Perceptual=0.0403, Structural=0.0021, Edge=0.0387, VQ=0.0187
2026-02-26 19:44:19,320 [INFO] Client 0 > Epoch 3/5 | Total Loss: 0.0337 | Components: Recon=0.0112, Perceptual=0.0431, Structural=0.0020, Edge=0.0404, VQ=0.0196
2026-02-26 19:50:05,523 [INFO] Client 0 > Epoch 4/5 | Total Loss: 0.0334 | Components: Recon=0.0119, Perceptual=0.0432, Structural=0.0026, Edge=0.0410, VQ=0.0248
2026-02-26 19:55:51,898 [INFO] Client 0 > Epoch 5/5 | Total Loss: 0.0333 | Components: Recon=0.0100, Perceptual=0.0343, Structural=0.0017, Edge=0.0389, VQ=0.0233
2026-02-26 19:55:51,910 [INFO] --- Training Client 1 ---
2026-02-26 20:02:15,573 [INFO] Client 1 > Epoch 1/5 | Total Loss: 0.0285 | Components: Recon=0.0045, Perceptual=0.0179, Structural=0.0014, Edge=0.0151, VQ=0.0071
2026-02-26 20:08:39,374 [INFO] Client 1 > Epoch 2/5 | Total Loss: 0.0214 | Components: Recon=0.0064, Perceptual=0.0271, Structural=0.0012, Edge=0.0225, VQ=0.0084
2026-02-26 20:15:03,193 [INFO] Client 1 > Epoch 3/5 | Total Loss: 0.0210 | Components: Recon=0.0059, Perceptual=0.0266, Structural=0.0010, Edge=0.0209, VQ=0.0087
2026-02-26 20:21:27,055 [INFO] Client 1 > Epoch 4/5 | Total Loss: 0.0206 | Components: Recon=0.0061, Perceptual=0.0261, Structural=0.0014, Edge=0.0217, VQ=0.0094
2026-02-26 20:27:51,475 [INFO] Client 1 > Epoch 5/5 | Total Loss: 0.0205 | Components: Recon=0.0062, Perceptual=0.0245, Structural=0.0010, Edge=0.0228, VQ=0.0095
2026-02-26 20:27:51,491 [INFO] --- Training Client 2 ---
2026-02-26 20:32:03,802 [INFO] Client 2 > Epoch 1/5 | Total Loss: 0.0578 | Components: Recon=0.0166, Perceptual=0.0328, Structural=0.0017, Edge=0.0636, VQ=0.0542
2026-02-26 20:36:16,110 [INFO] Client 2 > Epoch 2/5 | Total Loss: 0.0482 | Components: Recon=0.0120, Perceptual=0.0229, Structural=0.0014, Edge=0.0438, VQ=0.0382
2026-02-26 20:40:28,504 [INFO] Client 2 > Epoch 3/5 | Total Loss: 0.0475 | Components: Recon=0.0102, Perceptual=0.0205, Structural=0.0010, Edge=0.0361, VQ=0.0221
2026-02-26 20:44:40,879 [INFO] Client 2 > Epoch 4/5 | Total Loss: 0.0469 | Components: Recon=0.0133, Perceptual=0.0259, Structural=0.0013, Edge=0.0485, VQ=0.0339
2026-02-26 20:48:53,453 [INFO] Client 2 > Epoch 5/5 | Total Loss: 0.0467 | Components: Recon=0.0147, Perceptual=0.0346, Structural=0.0020, Edge=0.0533, VQ=0.0313
2026-02-26 20:48:53,462 [INFO] --- Training Client 3 ---
2026-02-26 20:54:23,957 [INFO] Client 3 > Epoch 1/5 | Total Loss: 0.0520 | Components: Recon=0.0111, Perceptual=0.0298, Structural=0.0018, Edge=0.0423, VQ=0.0170
2026-02-26 20:59:54,679 [INFO] Client 3 > Epoch 2/5 | Total Loss: 0.0354 | Components: Recon=0.0083, Perceptual=0.0178, Structural=0.0011, Edge=0.0303, VQ=0.0214
2026-02-26 21:05:25,529 [INFO] Client 3 > Epoch 3/5 | Total Loss: 0.0348 | Components: Recon=0.0102, Perceptual=0.0277, Structural=0.0018, Edge=0.0373, VQ=0.0125
2026-02-26 21:10:55,901 [INFO] Client 3 > Epoch 4/5 | Total Loss: 0.0346 | Components: Recon=0.0093, Perceptual=0.0212, Structural=0.0013, Edge=0.0353, VQ=0.0188
2026-02-26 21:16:26,548 [INFO] Client 3 > Epoch 5/5 | Total Loss: 0.0344 | Components: Recon=0.0092, Perceptual=0.0208, Structural=0.0014, Edge=0.0332, VQ=0.0167
2026-02-26 21:16:26,566 [INFO] --- Server Aggregating Client Updates ---
2026-02-26 21:16:26,566 [INFO] Using Distribution-Aware Aggregation (FedMSR)
2026-02-26 21:16:26,570 [INFO] Distribution-Aware Aggregation Weights:
2026-02-26 21:16:26,570 [INFO] Client 0: weight=0.2569
2026-02-26 21:16:26,570 [INFO] Client 1: weight=0.2711
2026-02-26 21:16:26,570 [INFO] Client 2: weight=0.2210
2026-02-26 21:16:26,570 [INFO] Client 3: weight=0.2509
2026-02-26 21:16:26,585 [INFO] --- Validating Models Post-Aggregation ---
2026-02-26 21:16:45,071 [WARNING] Client 0: FID computed on only 1710 samples. Results may be statistically unreliable (need 2000+).
2026-02-26 21:16:47,336 [INFO] Client 0 Validation: PSNR=40.3550, SSIM=0.9757, LPIPS=0.0468, MSE=0.0001, FID=6.1119, Loss=0.0284
2026-02-26 21:17:07,638 [WARNING] Client 1: FID computed on only 1894 samples. Results may be statistically unreliable (need 2000+).
2026-02-26 21:17:10,102 [INFO] Client 1 Validation: PSNR=44.6557, SSIM=0.9882, LPIPS=0.0336, MSE=0.0000, FID=5.1563, Loss=0.0178
2026-02-26 21:17:23,683 [WARNING] Client 2: FID computed on only 1244 samples. Results may be statistically unreliable (need 2000+).
2026-02-26 21:17:34,411 [INFO] Client 2 Validation: PSNR=34.5659, SSIM=0.9696, LPIPS=0.0369, MSE=0.0004, FID=13.4578, Loss=0.0393
2026-02-26 21:17:52,106 [WARNING] Client 3: FID computed on only 1632 samples. Results may be statistically unreliable (need 2000+).
2026-02-26 21:17:54,373 [INFO] Client 3 Validation: PSNR=36.5272, SSIM=0.9692, LPIPS=0.0325, MSE=0.0002, FID=7.7288, Loss=0.0292
2026-02-26 21:17:54,373 [INFO] Global Average Validation: PSNR=39.0259, SSIM=0.9756, LPIPS=0.0375, MSE=0.000180, FID=8.1137, Loss=0.0287
2026-02-26 21:17:54,373 [INFO] New best validation PSNR: 39.0259 dB (SSIM=0.9756). Saving model state.
2026-02-26 21:17:54,497 [INFO] Saved best decoder for client 0
2026-02-26 21:17:54,585 [INFO] Saved best decoder for client 1
2026-02-26 21:17:54,675 [INFO] Saved best decoder for client 2
2026-02-26 21:17:54,769 [INFO] Saved best decoder for client 3
2026-02-26 21:17:54,770 [INFO] Client 0 Codebook Vitality | Top: active=1022, dead=2, entropy=6.051 | Bottom: active=1024, dead=0, entropy=6.455
2026-02-26 21:17:54,771 [INFO] Client 1 Codebook Vitality | Top: active=1024, dead=0, entropy=5.701 | Bottom: active=1024, dead=0, entropy=6.328
2026-02-26 21:17:54,771 [INFO] Client 2 Codebook Vitality | Top: active=1024, dead=0, entropy=4.797 | Bottom: active=1024, dead=0, entropy=5.765
2026-02-26 21:17:54,772 [INFO] Client 3 Codebook Vitality | Top: active=1024, dead=0, entropy=4.840 | Bottom: active=1024, dead=0, entropy=5.706
2026-02-26 21:17:54,847 [INFO] --- Evaluating Models Post-Aggregation ---
2026-02-26 21:17:55,414 [INFO] Client 0 Test Loss Components (1st batch): Recon=0.0100, Perceptual=0.0436, Structural=0.0015, VQ=0.0134
2026-02-26 21:18:13,330 [WARNING] Client 0: FID computed on only 1711 samples. Results may be statistically unreliable (need 2000+).
2026-02-26 21:18:15,755 [INFO] Client 0 Metrics: PSNR=40.4755, SSIM=0.9761, LPIPS=0.0461, MSE=0.000102, FID=6.2061, Loss=0.0280
2026-02-26 21:18:16,328 [INFO] Client 1 Test Loss Components (1st batch): Recon=0.0065, Perceptual=0.0348, Structural=0.0015, VQ=0.0117
2026-02-26 21:18:36,082 [WARNING] Client 1: FID computed on only 1895 samples. Results may be statistically unreliable (need 2000+).
2026-02-26 21:18:38,548 [INFO] Client 1 Metrics: PSNR=44.6594, SSIM=0.9882, LPIPS=0.0338, MSE=0.000035, FID=5.3449, Loss=0.0178
2026-02-26 21:18:39,147 [INFO] Client 2 Test Loss Components (1st batch): Recon=0.0174, Perceptual=0.0390, Structural=0.0021, VQ=0.0239
2026-02-26 21:18:52,177 [WARNING] Client 2: FID computed on only 1246 samples. Results may be statistically unreliable (need 2000+).
2026-02-26 21:19:01,292 [INFO] Client 2 Metrics: PSNR=34.5813, SSIM=0.9697, LPIPS=0.0368, MSE=0.000352, FID=13.5619, Loss=0.0392
2026-02-26 21:19:02,118 [INFO] Client 3 Test Loss Components (1st batch): Recon=0.0135, Perceptual=0.0406, Structural=0.0024, VQ=0.0279
2026-02-26 21:19:19,140 [WARNING] Client 3: FID computed on only 1633 samples. Results may be statistically unreliable (need 2000+).
2026-02-26 21:19:21,585 [INFO] Client 3 Metrics: PSNR=36.6373, SSIM=0.9698, LPIPS=0.0323, MSE=0.000222, FID=7.5320, Loss=0.0288
2026-02-26 21:19:21,585 [INFO] Global Average Metrics: PSNR=39.0884, SSIM=0.9759, LPIPS=0.0373, MSE=0.000178, FID=8.1612, Loss=0.0285
2026-02-26 21:19:22,258 [INFO] Metrics plot saved to: FedMedSR_results/FedMedSR/round_26/metrics_plot.png
2026-02-26 21:19:22,280 [INFO] ========== Starting Round 27/30 ==========
2026-02-26 21:19:22,281 [INFO] --- Training Client 0 ---
2026-02-26 21:25:08,662 [INFO] Client 0 > Epoch 1/5 | Total Loss: 0.0490 | Components: Recon=0.0117, Perceptual=0.0436, Structural=0.0014, Edge=0.0436, VQ=0.0255
2026-02-26 21:30:55,035 [INFO] Client 0 > Epoch 2/5 | Total Loss: 0.0349 | Components: Recon=0.0082, Perceptual=0.0329, Structural=0.0012, Edge=0.0312, VQ=0.0137
2026-02-26 21:36:41,366 [INFO] Client 0 > Epoch 3/5 | Total Loss: 0.0336 | Components: Recon=0.0091, Perceptual=0.0318, Structural=0.0014, Edge=0.0349, VQ=0.0182
2026-02-26 21:42:27,741 [INFO] Client 0 > Epoch 4/5 | Total Loss: 0.0334 | Components: Recon=0.0105, Perceptual=0.0415, Structural=0.0021, Edge=0.0385, VQ=0.0194
2026-02-26 21:48:14,217 [INFO] Client 0 > Epoch 5/5 | Total Loss: 0.0332 | Components: Recon=0.0074, Perceptual=0.0264, Structural=0.0007, Edge=0.0293, VQ=0.0148
2026-02-26 21:48:14,227 [INFO] --- Training Client 1 ---
2026-02-26 21:54:37,854 [INFO] Client 1 > Epoch 1/5 | Total Loss: 0.0245 | Components: Recon=0.0069, Perceptual=0.0291, Structural=0.0012, Edge=0.0247, VQ=0.0122
2026-02-26 22:01:02,066 [INFO] Client 1 > Epoch 2/5 | Total Loss: 0.0209 | Components: Recon=0.0059, Perceptual=0.0242, Structural=0.0009, Edge=0.0209, VQ=0.0112
2026-02-26 22:07:25,766 [INFO] Client 1 > Epoch 3/5 | Total Loss: 0.0207 | Components: Recon=0.0068, Perceptual=0.0266, Structural=0.0008, Edge=0.0250, VQ=0.0103
2026-02-26 22:13:49,741 [INFO] Client 1 > Epoch 4/5 | Total Loss: 0.0206 | Components: Recon=0.0064, Perceptual=0.0281, Structural=0.0010, Edge=0.0232, VQ=0.0109
2026-02-26 22:20:14,062 [INFO] Client 1 > Epoch 5/5 | Total Loss: 0.0205 | Components: Recon=0.0054, Perceptual=0.0206, Structural=0.0012, Edge=0.0190, VQ=0.0083
2026-02-26 22:20:14,085 [INFO] --- Training Client 2 ---
2026-02-26 22:24:27,196 [INFO] Client 2 > Epoch 1/5 | Total Loss: 0.0707 | Components: Recon=0.0135, Perceptual=0.0257, Structural=0.0015, Edge=0.0497, VQ=0.0431
2026-02-26 22:28:40,407 [INFO] Client 2 > Epoch 2/5 | Total Loss: 0.0480 | Components: Recon=0.0129, Perceptual=0.0263, Structural=0.0014, Edge=0.0462, VQ=0.0322
2026-02-26 22:32:53,276 [INFO] Client 2 > Epoch 3/5 | Total Loss: 0.0473 | Components: Recon=0.0140, Perceptual=0.0312, Structural=0.0018, Edge=0.0511, VQ=0.0311
2026-02-26 22:37:06,168 [INFO] Client 2 > Epoch 4/5 | Total Loss: 0.0469 | Components: Recon=0.0127, Perceptual=0.0269, Structural=0.0015, Edge=0.0453, VQ=0.0242
2026-02-26 22:41:18,699 [INFO] Client 2 > Epoch 5/5 | Total Loss: 0.0466 | Components: Recon=0.0125, Perceptual=0.0307, Structural=0.0019, Edge=0.0451, VQ=0.0278
2026-02-26 22:41:18,718 [INFO] --- Training Client 3 ---
2026-02-26 22:46:50,045 [INFO] Client 3 > Epoch 1/5 | Total Loss: 0.0387 | Components: Recon=0.0066, Perceptual=0.0134, Structural=0.0009, Edge=0.0242, VQ=0.0182
2026-02-26 22:52:21,290 [INFO] Client 3 > Epoch 2/5 | Total Loss: 0.0353 | Components: Recon=0.0117, Perceptual=0.0276, Structural=0.0019, Edge=0.0452, VQ=0.0231
2026-02-26 22:57:55,173 [INFO] Client 3 > Epoch 3/5 | Total Loss: 0.0348 | Components: Recon=0.0090, Perceptual=0.0207, Structural=0.0015, Edge=0.0331, VQ=0.0146
2026-02-26 23:03:26,159 [INFO] Client 3 > Epoch 4/5 | Total Loss: 0.0345 | Components: Recon=0.0079, Perceptual=0.0189, Structural=0.0012, Edge=0.0284, VQ=0.0190
2026-02-26 23:08:56,574 [INFO] Client 3 > Epoch 5/5 | Total Loss: 0.0343 | Components: Recon=0.0107, Perceptual=0.0274, Structural=0.0018, Edge=0.0404, VQ=0.0171
2026-02-26 23:08:56,596 [INFO] --- Server Aggregating Client Updates ---
2026-02-26 23:08:56,596 [INFO] Using Distribution-Aware Aggregation (FedMSR)
2026-02-26 23:08:56,601 [INFO] Distribution-Aware Aggregation Weights:
2026-02-26 23:08:56,601 [INFO] Client 0: weight=0.2569
2026-02-26 23:08:56,601 [INFO] Client 1: weight=0.2711
2026-02-26 23:08:56,601 [INFO] Client 2: weight=0.2210
2026-02-26 23:08:56,601 [INFO] Client 3: weight=0.2509
2026-02-26 23:08:56,621 [INFO] --- Validating Models Post-Aggregation ---
2026-02-26 23:09:15,199 [WARNING] Client 0: FID computed on only 1710 samples. Results may be statistically unreliable (need 2000+).
2026-02-26 23:09:17,658 [INFO] Client 0 Validation: PSNR=40.3698, SSIM=0.9757, LPIPS=0.0468, MSE=0.0001, FID=6.1821, Loss=0.0283
2026-02-26 23:09:37,917 [WARNING] Client 1: FID computed on only 1894 samples. Results may be statistically unreliable (need 2000+).
2026-02-26 23:09:40,421 [INFO] Client 1 Validation: PSNR=44.6832, SSIM=0.9882, LPIPS=0.0334, MSE=0.0000, FID=5.0589, Loss=0.0176
2026-02-26 23:09:53,969 [WARNING] Client 2: FID computed on only 1244 samples. Results may be statistically unreliable (need 2000+).
2026-02-26 23:10:03,421 [INFO] Client 2 Validation: PSNR=34.5708, SSIM=0.9696, LPIPS=0.0369, MSE=0.0004, FID=13.4634, Loss=0.0392
2026-02-26 23:10:21,255 [WARNING] Client 3: FID computed on only 1632 samples. Results may be statistically unreliable (need 2000+).
2026-02-26 23:10:23,637 [INFO] Client 3 Validation: PSNR=36.5613, SSIM=0.9693, LPIPS=0.0325, MSE=0.0002, FID=7.7636, Loss=0.0290
2026-02-26 23:10:23,637 [INFO] Global Average Validation: PSNR=39.0463, SSIM=0.9757, LPIPS=0.0374, MSE=0.000180, FID=8.1170, Loss=0.0286
2026-02-26 23:10:23,637 [INFO] New best validation PSNR: 39.0463 dB (SSIM=0.9757). Saving model state.
2026-02-26 23:10:23,783 [INFO] Saved best decoder for client 0
2026-02-26 23:10:23,877 [INFO] Saved best decoder for client 1
2026-02-26 23:10:23,972 [INFO] Saved best decoder for client 2
2026-02-26 23:10:24,067 [INFO] Saved best decoder for client 3
2026-02-26 23:10:24,068 [INFO] Client 0 Codebook Vitality | Top: active=1024, dead=0, entropy=6.307 | Bottom: active=1024, dead=0, entropy=6.591
2026-02-26 23:10:24,068 [INFO] Client 1 Codebook Vitality | Top: active=1024, dead=0, entropy=5.543 | Bottom: active=1024, dead=0, entropy=6.234
2026-02-26 23:10:24,068 [INFO] Client 2 Codebook Vitality | Top: active=1024, dead=0, entropy=4.782 | Bottom: active=1024, dead=0, entropy=5.763
2026-02-26 23:10:24,069 [INFO] Client 3 Codebook Vitality | Top: active=1024, dead=0, entropy=4.714 | Bottom: active=1024, dead=0, entropy=5.354
2026-02-26 23:10:24,144 [INFO] --- Evaluating Models Post-Aggregation ---
2026-02-26 23:10:24,697 [INFO] Client 0 Test Loss Components (1st batch): Recon=0.0100, Perceptual=0.0436, Structural=0.0015, VQ=0.0122
2026-02-26 23:10:42,531 [WARNING] Client 0: FID computed on only 1711 samples. Results may be statistically unreliable (need 2000+).
2026-02-26 23:10:44,980 [INFO] Client 0 Metrics: PSNR=40.4894, SSIM=0.9761, LPIPS=0.0461, MSE=0.000102, FID=6.2815, Loss=0.0279
2026-02-26 23:10:45,517 [INFO] Client 1 Test Loss Components (1st batch): Recon=0.0065, Perceptual=0.0348, Structural=0.0014, VQ=0.0103
2026-02-26 23:11:05,313 [WARNING] Client 1: FID computed on only 1895 samples. Results may be statistically unreliable (need 2000+).
2026-02-26 23:11:07,846 [INFO] Client 1 Metrics: PSNR=44.6877, SSIM=0.9882, LPIPS=0.0337, MSE=0.000034, FID=5.2452, Loss=0.0177
2026-02-26 23:11:08,403 [INFO] Client 2 Test Loss Components (1st batch): Recon=0.0174, Perceptual=0.0389, Structural=0.0021, VQ=0.0229
2026-02-26 23:11:21,571 [WARNING] Client 2: FID computed on only 1246 samples. Results may be statistically unreliable (need 2000+).
2026-02-26 23:11:32,655 [INFO] Client 2 Metrics: PSNR=34.5861, SSIM=0.9697, LPIPS=0.0368, MSE=0.000352, FID=13.5423, Loss=0.0391
2026-02-26 23:11:33,515 [INFO] Client 3 Test Loss Components (1st batch): Recon=0.0134, Perceptual=0.0402, Structural=0.0024, VQ=0.0265
2026-02-26 23:11:50,626 [WARNING] Client 3: FID computed on only 1633 samples. Results may be statistically unreliable (need 2000+).
2026-02-26 23:11:53,152 [INFO] Client 3 Metrics: PSNR=36.6694, SSIM=0.9699, LPIPS=0.0323, MSE=0.000220, FID=7.5675, Loss=0.0286
2026-02-26 23:11:53,152 [INFO] Global Average Metrics: PSNR=39.1082, SSIM=0.9760, LPIPS=0.0372, MSE=0.000177, FID=8.1591, Loss=0.0283
2026-02-26 23:11:53,842 [INFO] Metrics plot saved to: FedMedSR_results/FedMedSR/round_27/metrics_plot.png
2026-02-26 23:11:53,866 [INFO] ========== Starting Round 28/30 ==========
2026-02-26 23:11:53,866 [INFO] --- Training Client 0 ---
2026-02-26 23:17:40,195 [INFO] Client 0 > Epoch 1/5 | Total Loss: 0.0393 | Components: Recon=0.0116, Perceptual=0.0486, Structural=0.0025, Edge=0.0420, VQ=0.0285
2026-02-26 23:23:26,926 [INFO] Client 0 > Epoch 2/5 | Total Loss: 0.0339 | Components: Recon=0.0085, Perceptual=0.0370, Structural=0.0014, Edge=0.0323, VQ=0.0152
2026-02-26 23:29:13,523 [INFO] Client 0 > Epoch 3/5 | Total Loss: 0.0339 | Components: Recon=0.0090, Perceptual=0.0387, Structural=0.0012, Edge=0.0341, VQ=0.0151
2026-02-26 23:35:00,173 [INFO] Client 0 > Epoch 4/5 | Total Loss: 0.0333 | Components: Recon=0.0061, Perceptual=0.0219, Structural=0.0009, Edge=0.0237, VQ=0.0136
2026-02-26 23:40:46,851 [INFO] Client 0 > Epoch 5/5 | Total Loss: 0.0332 | Components: Recon=0.0084, Perceptual=0.0366, Structural=0.0012, Edge=0.0330, VQ=0.0140
2026-02-26 23:40:46,866 [INFO] --- Training Client 1 ---
2026-02-26 23:47:11,125 [INFO] Client 1 > Epoch 1/5 | Total Loss: 0.0294 | Components: Recon=0.0066, Perceptual=0.0279, Structural=0.0008, Edge=0.0233, VQ=0.0103
2026-02-26 23:53:35,054 [INFO] Client 1 > Epoch 2/5 | Total Loss: 0.0212 | Components: Recon=0.0062, Perceptual=0.0271, Structural=0.0007, Edge=0.0217, VQ=0.0094
2026-02-26 23:59:59,222 [INFO] Client 1 > Epoch 3/5 | Total Loss: 0.0207 | Components: Recon=0.0055, Perceptual=0.0222, Structural=0.0011, Edge=0.0192, VQ=0.0076
2026-02-27 00:06:23,519 [INFO] Client 1 > Epoch 4/5 | Total Loss: 0.0205 | Components: Recon=0.0059, Perceptual=0.0234, Structural=0.0013, Edge=0.0213, VQ=0.0099
2026-02-27 00:12:48,332 [INFO] Client 1 > Epoch 5/5 | Total Loss: 0.0204 | Components: Recon=0.0062, Perceptual=0.0234, Structural=0.0008, Edge=0.0223, VQ=0.0100
2026-02-27 00:12:48,360 [INFO] --- Training Client 2 ---
2026-02-27 00:17:01,040 [INFO] Client 2 > Epoch 1/5 | Total Loss: 0.0543 | Components: Recon=0.0123, Perceptual=0.0259, Structural=0.0014, Edge=0.0450, VQ=0.0381
2026-02-27 00:21:13,576 [INFO] Client 2 > Epoch 2/5 | Total Loss: 0.0481 | Components: Recon=0.0148, Perceptual=0.0315, Structural=0.0016, Edge=0.0550, VQ=0.0427
2026-02-27 00:25:26,540 [INFO] Client 2 > Epoch 3/5 | Total Loss: 0.0472 | Components: Recon=0.0133, Perceptual=0.0282, Structural=0.0015, Edge=0.0493, VQ=0.0365
2026-02-27 00:29:39,419 [INFO] Client 2 > Epoch 4/5 | Total Loss: 0.0468 | Components: Recon=0.0136, Perceptual=0.0297, Structural=0.0017, Edge=0.0499, VQ=0.0368
2026-02-27 00:33:51,802 [INFO] Client 2 > Epoch 5/5 | Total Loss: 0.0465 | Components: Recon=0.0136, Perceptual=0.0258, Structural=0.0014, Edge=0.0495, VQ=0.0405
2026-02-27 00:33:51,818 [INFO] --- Training Client 3 ---
2026-02-27 00:39:22,870 [INFO] Client 3 > Epoch 1/5 | Total Loss: 0.0391 | Components: Recon=0.0102, Perceptual=0.0224, Structural=0.0017, Edge=0.0384, VQ=0.0215
2026-02-27 00:44:54,138 [INFO] Client 3 > Epoch 2/5 | Total Loss: 0.0352 | Components: Recon=0.0112, Perceptual=0.0285, Structural=0.0020, Edge=0.0418, VQ=0.0451
2026-02-27 00:50:25,538 [INFO] Client 3 > Epoch 3/5 | Total Loss: 0.0347 | Components: Recon=0.0085, Perceptual=0.0198, Structural=0.0014, Edge=0.0314, VQ=0.0146
2026-02-27 00:55:57,514 [INFO] Client 3 > Epoch 4/5 | Total Loss: 0.0344 | Components: Recon=0.0123, Perceptual=0.0295, Structural=0.0020, Edge=0.0464, VQ=0.0251
2026-02-27 01:01:28,735 [INFO] Client 3 > Epoch 5/5 | Total Loss: 0.0343 | Components: Recon=0.0085, Perceptual=0.0216, Structural=0.0012, Edge=0.0309, VQ=0.0134
2026-02-27 01:01:28,752 [INFO] --- Server Aggregating Client Updates ---
2026-02-27 01:01:28,752 [INFO] Using Distribution-Aware Aggregation (FedMSR)
2026-02-27 01:01:28,756 [INFO] Distribution-Aware Aggregation Weights:
2026-02-27 01:01:28,756 [INFO] Client 0: weight=0.2569
2026-02-27 01:01:28,756 [INFO] Client 1: weight=0.2711
2026-02-27 01:01:28,756 [INFO] Client 2: weight=0.2210
2026-02-27 01:01:28,756 [INFO] Client 3: weight=0.2509
2026-02-27 01:01:28,770 [INFO] --- Validating Models Post-Aggregation ---
2026-02-27 01:01:47,073 [WARNING] Client 0: FID computed on only 1710 samples. Results may be statistically unreliable (need 2000+).
2026-02-27 01:01:49,593 [INFO] Client 0 Validation: PSNR=40.3932, SSIM=0.9757, LPIPS=0.0465, MSE=0.0001, FID=6.0873, Loss=0.0283
2026-02-27 01:02:09,855 [WARNING] Client 1: FID computed on only 1894 samples. Results may be statistically unreliable (need 2000+).
2026-02-27 01:02:12,600 [INFO] Client 1 Validation: PSNR=44.6963, SSIM=0.9882, LPIPS=0.0333, MSE=0.0000, FID=5.0447, Loss=0.0176
2026-02-27 01:02:26,205 [WARNING] Client 2: FID computed on only 1244 samples. Results may be statistically unreliable (need 2000+).
2026-02-27 01:02:34,655 [INFO] Client 2 Validation: PSNR=34.5748, SSIM=0.9696, LPIPS=0.0367, MSE=0.0004, FID=13.3899, Loss=0.0393
2026-02-27 01:02:52,560 [WARNING] Client 3: FID computed on only 1632 samples. Results may be statistically unreliable (need 2000+).
2026-02-27 01:02:55,085 [INFO] Client 3 Validation: PSNR=36.5534, SSIM=0.9694, LPIPS=0.0324, MSE=0.0002, FID=7.6998, Loss=0.0291
2026-02-27 01:02:55,086 [INFO] Global Average Validation: PSNR=39.0544, SSIM=0.9757, LPIPS=0.0372, MSE=0.000180, FID=8.0554, Loss=0.0286
2026-02-27 01:02:55,086 [INFO] New best validation PSNR: 39.0544 dB (SSIM=0.9757). Saving model state.
2026-02-27 01:02:55,228 [INFO] Saved best decoder for client 0
2026-02-27 01:02:55,323 [INFO] Saved best decoder for client 1
2026-02-27 01:02:55,417 [INFO] Saved best decoder for client 2
2026-02-27 01:02:55,512 [INFO] Saved best decoder for client 3
2026-02-27 01:02:55,513 [INFO] Client 0 Codebook Vitality | Top: active=1024, dead=0, entropy=6.267 | Bottom: active=1024, dead=0, entropy=6.457
2026-02-27 01:02:55,513 [INFO] Client 1 Codebook Vitality | Top: active=1024, dead=0, entropy=5.718 | Bottom: active=1024, dead=0, entropy=6.061
2026-02-27 01:02:55,514 [INFO] Client 2 Codebook Vitality | Top: active=1024, dead=0, entropy=4.846 | Bottom: active=1024, dead=0, entropy=5.975
2026-02-27 01:02:55,514 [INFO] Client 3 Codebook Vitality | Top: active=1024, dead=0, entropy=4.568 | Bottom: active=1024, dead=0, entropy=5.206
2026-02-27 01:02:55,590 [INFO] --- Evaluating Models Post-Aggregation ---
2026-02-27 01:02:56,144 [INFO] Client 0 Test Loss Components (1st batch): Recon=0.0099, Perceptual=0.0433, Structural=0.0014, VQ=0.0127
2026-02-27 01:03:13,953 [WARNING] Client 0: FID computed on only 1711 samples. Results may be statistically unreliable (need 2000+).
2026-02-27 01:03:16,482 [INFO] Client 0 Metrics: PSNR=40.5142, SSIM=0.9761, LPIPS=0.0459, MSE=0.000102, FID=6.2027, Loss=0.0278
2026-02-27 01:03:17,032 [INFO] Client 1 Test Loss Components (1st batch): Recon=0.0065, Perceptual=0.0345, Structural=0.0014, VQ=0.0107
2026-02-27 01:03:36,736 [WARNING] Client 1: FID computed on only 1895 samples. Results may be statistically unreliable (need 2000+).
2026-02-27 01:03:39,145 [INFO] Client 1 Metrics: PSNR=44.7011, SSIM=0.9882, LPIPS=0.0335, MSE=0.000034, FID=5.2332, Loss=0.0177
2026-02-27 01:03:39,690 [INFO] Client 2 Test Loss Components (1st batch): Recon=0.0174, Perceptual=0.0386, Structural=0.0021, VQ=0.0243
2026-02-27 01:03:52,693 [WARNING] Client 2: FID computed on only 1246 samples. Results may be statistically unreliable (need 2000+).
2026-02-27 01:04:03,307 [INFO] Client 2 Metrics: PSNR=34.5901, SSIM=0.9697, LPIPS=0.0366, MSE=0.000351, FID=13.4652, Loss=0.0392
2026-02-27 01:04:04,063 [INFO] Client 3 Test Loss Components (1st batch): Recon=0.0134, Perceptual=0.0400, Structural=0.0024, VQ=0.0299
2026-02-27 01:04:21,065 [WARNING] Client 3: FID computed on only 1633 samples. Results may be statistically unreliable (need 2000+).
2026-02-27 01:04:23,366 [INFO] Client 3 Metrics: PSNR=36.6628, SSIM=0.9699, LPIPS=0.0322, MSE=0.000221, FID=7.4969, Loss=0.0287
2026-02-27 01:04:23,366 [INFO] Global Average Metrics: PSNR=39.1170, SSIM=0.9760, LPIPS=0.0370, MSE=0.000177, FID=8.0995, Loss=0.0283
2026-02-27 01:04:24,085 [INFO] Metrics plot saved to: FedMedSR_results/FedMedSR/round_28/metrics_plot.png
2026-02-27 01:04:24,108 [INFO] ========== Starting Round 29/30 ==========
2026-02-27 01:04:24,108 [INFO] --- Training Client 0 ---
2026-02-27 01:10:10,774 [INFO] Client 0 > Epoch 1/5 | Total Loss: 0.0392 | Components: Recon=0.0076, Perceptual=0.0289, Structural=0.0006, Edge=0.0299, VQ=0.0152
2026-02-27 01:15:57,290 [INFO] Client 0 > Epoch 2/5 | Total Loss: 0.0339 | Components: Recon=0.0090, Perceptual=0.0348, Structural=0.0016, Edge=0.0340, VQ=0.0170
2026-02-27 01:21:43,861 [INFO] Client 0 > Epoch 3/5 | Total Loss: 0.0336 | Components: Recon=0.0088, Perceptual=0.0316, Structural=0.0013, Edge=0.0332, VQ=0.0150
2026-02-27 01:27:30,536 [INFO] Client 0 > Epoch 4/5 | Total Loss: 0.0333 | Components: Recon=0.0079, Perceptual=0.0310, Structural=0.0015, Edge=0.0296, VQ=0.0168
2026-02-27 01:33:17,256 [INFO] Client 0 > Epoch 5/5 | Total Loss: 0.0332 | Components: Recon=0.0083, Perceptual=0.0324, Structural=0.0013, Edge=0.0316, VQ=0.0159
2026-02-27 01:33:17,278 [INFO] --- Training Client 1 ---
2026-02-27 01:39:43,678 [INFO] Client 1 > Epoch 1/5 | Total Loss: 0.0283 | Components: Recon=0.0060, Perceptual=0.0237, Structural=0.0008, Edge=0.0208, VQ=0.0093
2026-02-27 01:46:07,891 [INFO] Client 1 > Epoch 2/5 | Total Loss: 0.0212 | Components: Recon=0.0066, Perceptual=0.0292, Structural=0.0012, Edge=0.0235, VQ=0.0081
2026-02-27 01:52:32,462 [INFO] Client 1 > Epoch 3/5 | Total Loss: 0.0206 | Components: Recon=0.0062, Perceptual=0.0253, Structural=0.0008, Edge=0.0218, VQ=0.0101
2026-02-27 01:58:56,772 [INFO] Client 1 > Epoch 4/5 | Total Loss: 0.0205 | Components: Recon=0.0053, Perceptual=0.0201, Structural=0.0008, Edge=0.0182, VQ=0.0079
2026-02-27 02:05:21,071 [INFO] Client 1 > Epoch 5/5 | Total Loss: 0.0204 | Components: Recon=0.0055, Perceptual=0.0212, Structural=0.0009, Edge=0.0191, VQ=0.0091
2026-02-27 02:05:21,094 [INFO] --- Training Client 2 ---
2026-02-27 02:09:34,372 [INFO] Client 2 > Epoch 1/5 | Total Loss: 0.0524 | Components: Recon=0.0118, Perceptual=0.0219, Structural=0.0011, Edge=0.0429, VQ=0.0402
2026-02-27 02:13:47,974 [INFO] Client 2 > Epoch 2/5 | Total Loss: 0.0481 | Components: Recon=0.0151, Perceptual=0.0347, Structural=0.0019, Edge=0.0556, VQ=0.0356
2026-02-27 02:18:03,035 [INFO] Client 2 > Epoch 3/5 | Total Loss: 0.0470 | Components: Recon=0.0120, Perceptual=0.0255, Structural=0.0013, Edge=0.0444, VQ=0.0361
2026-02-27 02:22:43,666 [INFO] Client 2 > Epoch 4/5 | Total Loss: 0.0467 | Components: Recon=0.0138, Perceptual=0.0273, Structural=0.0014, Edge=0.0504, VQ=0.0467
2026-02-27 02:27:26,392 [INFO] Client 2 > Epoch 5/5 | Total Loss: 0.0464 | Components: Recon=0.0116, Perceptual=0.0222, Structural=0.0013, Edge=0.0416, VQ=0.0370
2026-02-27 02:27:26,408 [INFO] --- Training Client 3 ---
